lap_number,driver,lap_time_s,sector1_s,sector2_s,sector3_s,compound,tyre_life,is_personal_best
1.0,ALB,91.965,,32.089,29.091,MEDIUM,1.0,False
2.0,ALB,87.011,28.097,29.802,29.112,MEDIUM,2.0,True
3.0,ALB,86.282,27.753,29.699,28.83,MEDIUM,3.0,False
4.0,ALB,86.527,27.873,29.932,28.722,MEDIUM,4.0,False
5.0,ALB,86.039,27.704,29.522,28.813,MEDIUM,5.0,True
6.0,ALB,85.946,27.696,29.633,28.617,MEDIUM,6.0,True
7.0,ALB,85.99,27.815,29.4,28.775,MEDIUM,7.0,False
8.0,ALB,85.963,27.8,29.64,28.523,MEDIUM,8.0,False
9.0,ALB,85.666,27.709,29.21,28.747,MEDIUM,9.0,True
10.0,ALB,85.711,27.728,29.351,28.632,MEDIUM,10.0,False
11.0,ALB,85.734,27.781,29.309,28.644,MEDIUM,11.0,False
12.0,ALB,85.468,27.873,29.147,28.448,MEDIUM,12.0,True
13.0,ALB,85.533,27.847,29.199,28.487,MEDIUM,13.0,False
14.0,ALB,86.14,27.867,29.548,28.725,MEDIUM,14.0,False
15.0,ALB,86.463,27.962,29.723,28.778,MEDIUM,15.0,False
16.0,ALB,86.454,27.943,29.673,28.838,MEDIUM,16.0,False
17.0,ALB,91.436,28.179,29.786,33.471,MEDIUM,17.0,False
18.0,ALB,106.033,48.251,29.26,28.522,HARD,1.0,False
19.0,ALB,85.254,27.568,29.119,28.567,HARD,2.0,True
20.0,ALB,85.074,27.5,29.177,28.397,HARD,3.0,True
21.0,ALB,84.86,27.522,29.035,28.303,HARD,4.0,True
22.0,ALB,85.053,27.58,29.14,28.333,HARD,5.0,False
23.0,ALB,85.132,27.558,29.162,28.412,HARD,6.0,False
24.0,ALB,85.196,27.686,28.859,28.651,HARD,7.0,False
25.0,ALB,84.707,27.264,29.156,28.287,HARD,8.0,True
26.0,ALB,85.065,27.546,29.142,28.377,HARD,9.0,False
27.0,ALB,84.949,27.505,28.968,28.476,HARD,10.0,False
28.0,ALB,84.793,27.521,28.972,28.3,HARD,11.0,False
29.0,ALB,84.871,27.545,29.147,28.179,HARD,12.0,False
30.0,ALB,84.754,27.544,28.966,28.244,HARD,13.0,False
31.0,ALB,85.229,27.602,28.955,28.672,HARD,14.0,False
32.0,ALB,84.412,27.323,28.978,28.111,HARD,15.0,True
33.0,ALB,86.282,28.247,29.671,28.364,HARD,16.0,False
34.0,ALB,85.57,27.601,29.476,28.493,HARD,17.0,False
35.0,ALB,84.994,27.546,29.139,28.309,HARD,18.0,False
36.0,ALB,84.748,27.631,29.016,28.101,HARD,19.0,False
37.0,ALB,85.882,28.366,29.494,28.022,HARD,20.0,False
38.0,ALB,85.214,27.548,29.198,28.468,HARD,21.0,False
39.0,ALB,84.971,27.542,29.037,28.392,HARD,22.0,False
40.0,ALB,84.552,27.456,28.868,28.228,HARD,23.0,False
41.0,ALB,84.372,27.453,28.878,28.041,HARD,24.0,True
42.0,ALB,84.874,27.618,29.086,28.17,HARD,25.0,False
43.0,ALB,84.669,27.532,29.062,28.075,HARD,26.0,False
44.0,ALB,84.678,27.53,28.987,28.161,HARD,27.0,False
45.0,ALB,84.569,27.484,29.006,28.079,HARD,28.0,False
46.0,ALB,84.554,27.559,28.951,28.044,HARD,29.0,False
47.0,ALB,84.383,27.573,28.781,28.029,HARD,30.0,False
48.0,ALB,84.149,27.501,28.775,27.873,HARD,31.0,True
49.0,ALB,84.262,27.63,28.688,27.944,HARD,32.0,False
50.0,ALB,83.956,27.419,28.689,27.848,HARD,33.0,True
51.0,ALB,83.921,27.464,28.577,27.88,HARD,34.0,True
52.0,ALB,83.955,27.519,28.614,27.822,HARD,35.0,False
53.0,ALB,83.918,27.501,28.675,27.742,HARD,36.0,True
1.0,ALO,92.411,,32.154,29.198,MEDIUM,2.0,False
2.0,ALO,87.236,28.2,29.932,29.104,MEDIUM,3.0,True
3.0,ALO,86.41,27.646,29.926,28.838,MEDIUM,4.0,True
4.0,ALO,86.411,27.728,29.844,28.839,MEDIUM,5.0,False
5.0,ALO,86.218,27.846,29.573,28.799,MEDIUM,6.0,True
6.0,ALO,85.911,27.675,29.468,28.768,MEDIUM,7.0,True
7.0,ALO,85.95,27.644,29.453,28.853,MEDIUM,8.0,False
8.0,ALO,85.693,27.692,29.426,28.575,MEDIUM,9.0,True
9.0,ALO,85.969,27.763,29.441,28.765,MEDIUM,10.0,False
10.0,ALO,85.832,27.776,29.322,28.734,MEDIUM,11.0,False
11.0,ALO,85.758,27.679,29.305,28.774,MEDIUM,12.0,False
12.0,ALO,89.74,27.725,29.375,32.64,MEDIUM,13.0,False
13.0,ALO,105.594,47.982,29.068,28.544,HARD,2.0,False
14.0,ALO,85.832,28.319,29.115,28.398,HARD,3.0,False
15.0,ALO,84.67,27.354,29.014,28.302,HARD,4.0,True
16.0,ALO,84.614,27.417,28.89,28.307,HARD,5.0,True
17.0,ALO,84.574,27.359,28.999,28.216,HARD,6.0,True
18.0,ALO,84.882,27.422,29.308,28.152,HARD,7.0,False
19.0,ALO,85.314,27.727,29.237,28.35,HARD,8.0,False
20.0,ALO,85.676,27.65,29.606,28.42,HARD,9.0,False
21.0,ALO,85.297,27.651,29.091,28.555,HARD,10.0,False
22.0,ALO,85.451,28.055,29.253,28.143,HARD,11.0,False
23.0,ALO,85.017,27.751,29.089,28.177,HARD,12.0,False
24.0,ALO,84.588,27.58,29.009,27.999,HARD,13.0,False
25.0,ALO,84.504,27.542,28.839,28.123,HARD,14.0,True
26.0,ALO,84.937,27.635,28.905,28.397,HARD,15.0,False
27.0,ALO,84.891,27.614,29.047,28.23,HARD,16.0,False
28.0,ALO,84.725,27.7,28.845,28.18,HARD,17.0,False
29.0,ALO,85.011,27.785,28.998,28.228,HARD,18.0,False
30.0,ALO,85.039,27.817,28.996,28.226,HARD,19.0,False
31.0,ALO,85.128,27.745,29.032,28.351,HARD,20.0,False
32.0,ALO,85.099,27.842,29.023,28.234,HARD,21.0,False
33.0,ALO,85.289,27.861,29.179,28.249,HARD,22.0,False
34.0,ALO,85.083,27.763,29.148,28.172,HARD,23.0,False
35.0,ALO,89.799,27.731,29.264,32.804,HARD,24.0,False
36.0,ALO,104.152,47.393,28.833,27.926,HARD,3.0,False
37.0,ALO,83.703,27.43,28.449,27.824,HARD,4.0,True
38.0,ALO,83.847,27.472,28.537,27.838,HARD,5.0,False
39.0,ALO,83.77,27.414,28.622,27.734,HARD,6.0,False
40.0,ALO,83.683,27.398,28.521,27.764,HARD,7.0,True
41.0,ALO,83.822,27.354,28.585,27.883,HARD,8.0,False
42.0,ALO,83.637,27.363,28.5,27.774,HARD,9.0,True
43.0,ALO,83.681,27.266,28.682,27.733,HARD,10.0,False
44.0,ALO,83.529,27.417,28.44,27.672,HARD,11.0,True
45.0,ALO,83.484,27.352,28.464,27.668,HARD,12.0,True
46.0,ALO,82.944,27.073,28.365,27.506,HARD,13.0,True
47.0,ALO,83.221,27.393,28.327,27.501,HARD,14.0,False
48.0,ALO,83.245,27.312,28.373,27.56,HARD,15.0,False
49.0,ALO,83.525,27.385,28.457,27.683,HARD,16.0,False
50.0,ALO,83.511,27.427,28.412,27.672,HARD,17.0,False
51.0,ALO,83.468,27.463,28.459,27.546,HARD,18.0,False
52.0,ALO,83.761,27.419,28.553,27.789,HARD,19.0,False
53.0,ALO,83.686,27.435,28.394,27.857,HARD,20.0,False
1.0,BOT,96.375,,32.75,30.44,HARD,2.0,False
2.0,BOT,88.377,28.513,30.846,29.018,HARD,3.0,True
3.0,BOT,86.918,28.06,30.139,28.719,HARD,4.0,True
4.0,BOT,86.324,27.719,29.733,28.872,HARD,5.0,True
5.0,BOT,88.242,27.926,31.159,29.157,HARD,6.0,False
6.0,BOT,86.499,28.073,29.845,28.581,HARD,7.0,False
7.0,BOT,86.359,28.19,29.477,28.692,HARD,8.0,False
8.0,BOT,86.206,28.05,29.472,28.684,HARD,9.0,True
9.0,BOT,86.188,27.997,29.535,28.656,HARD,10.0,True
10.0,BOT,86.118,28.035,29.428,28.655,HARD,11.0,True
11.0,BOT,86.47,28.107,29.584,28.779,HARD,12.0,False
12.0,BOT,86.207,28.073,29.496,28.638,HARD,13.0,False
13.0,BOT,86.349,28.165,29.538,28.646,HARD,14.0,False
14.0,BOT,86.481,28.236,29.624,28.621,HARD,15.0,False
15.0,BOT,86.79,28.065,29.971,28.754,HARD,16.0,False
16.0,BOT,86.569,28.039,29.727,28.803,HARD,17.0,False
17.0,BOT,86.396,28.035,29.612,28.749,HARD,18.0,False
18.0,BOT,86.359,28.073,29.598,28.688,HARD,19.0,False
19.0,BOT,86.456,28.074,29.546,28.836,HARD,20.0,False
20.0,BOT,86.803,28.154,29.728,28.921,HARD,21.0,False
21.0,BOT,87.23,28.47,29.93,28.83,HARD,22.0,False
22.0,BOT,87.404,28.527,30.062,28.815,HARD,23.0,False
23.0,BOT,86.943,28.218,29.95,28.775,HARD,24.0,False
24.0,BOT,86.542,27.948,29.852,28.742,HARD,25.0,False
25.0,BOT,86.863,28.314,29.834,28.715,HARD,26.0,False
26.0,BOT,86.885,28.54,29.7,28.645,HARD,27.0,False
27.0,BOT,86.309,28.049,29.594,28.666,HARD,28.0,False
28.0,BOT,85.804,27.947,29.271,28.586,HARD,29.0,True
29.0,BOT,86.827,28.501,29.766,28.56,HARD,30.0,False
30.0,BOT,86.022,28.03,29.509,28.483,HARD,31.0,False
31.0,BOT,86.004,28.139,29.354,28.511,HARD,32.0,False
32.0,BOT,87.859,28.465,30.506,28.888,HARD,33.0,False
33.0,BOT,90.924,27.95,29.67,33.304,HARD,34.0,False
34.0,BOT,105.462,47.693,29.221,28.548,MEDIUM,2.0,False
35.0,BOT,85.336,27.734,29.222,28.38,MEDIUM,3.0,True
36.0,BOT,85.114,27.765,29.169,28.18,MEDIUM,4.0,True
37.0,BOT,85.213,27.78,29.132,28.301,MEDIUM,5.0,False
38.0,BOT,86.704,27.866,29.222,29.616,MEDIUM,6.0,False
39.0,BOT,85.081,27.615,29.332,28.134,MEDIUM,7.0,True
40.0,BOT,85.16,27.758,29.092,28.31,MEDIUM,8.0,False
41.0,BOT,86.31,28.082,29.887,28.341,MEDIUM,9.0,False
42.0,BOT,86.036,27.723,29.687,28.626,MEDIUM,10.0,False
43.0,BOT,84.637,27.523,28.919,28.195,MEDIUM,11.0,True
44.0,BOT,84.792,27.761,28.885,28.146,MEDIUM,12.0,False
45.0,BOT,84.588,27.682,28.921,27.985,MEDIUM,13.0,True
46.0,BOT,84.358,27.617,28.657,28.084,MEDIUM,14.0,True
47.0,BOT,84.089,27.332,28.775,27.982,MEDIUM,15.0,True
48.0,BOT,85.126,27.75,28.539,28.837,MEDIUM,16.0,False
49.0,BOT,83.885,27.443,28.632,27.81,MEDIUM,17.0,True
50.0,BOT,84.357,27.651,28.704,28.002,MEDIUM,18.0,False
51.0,BOT,83.979,27.537,28.569,27.873,MEDIUM,19.0,False
52.0,BOT,83.609,27.55,28.419,27.64,MEDIUM,20.0,True
1.0,COL,95.885,,32.713,30.295,MEDIUM,1.0,False
2.0,COL,87.845,28.352,30.598,28.895,MEDIUM,2.0,True
3.0,COL,86.578,27.636,30.238,28.704,MEDIUM,3.0,True
4.0,COL,86.25,27.686,29.802,28.762,MEDIUM,4.0,True
5.0,COL,87.151,27.685,30.569,28.897,MEDIUM,5.0,False
6.0,COL,86.057,27.633,29.362,29.062,MEDIUM,6.0,True
7.0,COL,87.204,28.513,29.885,28.806,MEDIUM,7.0,False
8.0,COL,86.385,27.774,29.618,28.993,MEDIUM,8.0,False
9.0,COL,86.222,27.779,29.555,28.888,MEDIUM,9.0,False
10.0,COL,86.289,27.76,29.706,28.823,MEDIUM,10.0,False
11.0,COL,86.607,27.883,29.614,29.11,MEDIUM,11.0,False
12.0,COL,86.5,27.91,29.617,28.973,MEDIUM,12.0,False
13.0,COL,86.41,27.9,29.546,28.964,MEDIUM,13.0,False
14.0,COL,86.93,27.986,29.857,29.087,MEDIUM,14.0,False
15.0,COL,86.672,27.89,29.739,29.043,MEDIUM,15.0,False
16.0,COL,91.193,28.117,29.78,33.296,MEDIUM,16.0,False
17.0,COL,106.349,48.514,29.392,28.443,HARD,1.0,False
18.0,COL,84.485,27.472,28.844,28.169,HARD,2.0,True
19.0,COL,84.928,27.518,29.134,28.276,HARD,3.0,False
20.0,COL,85.148,27.749,29.188,28.211,HARD,4.0,False
21.0,COL,84.784,27.737,28.962,28.085,HARD,5.0,False
22.0,COL,84.852,27.692,29.017,28.143,HARD,6.0,False
23.0,COL,84.649,27.6,28.921,28.128,HARD,7.0,False
24.0,COL,84.635,27.614,28.932,28.089,HARD,8.0,False
25.0,COL,84.916,27.635,29.099,28.182,HARD,9.0,False
26.0,COL,84.639,27.668,28.821,28.15,HARD,10.0,False
27.0,COL,84.497,27.601,28.848,28.048,HARD,11.0,False
28.0,COL,85.005,27.778,29.06,28.167,HARD,12.0,False
29.0,COL,85.634,27.595,29.349,28.69,HARD,13.0,False
30.0,COL,85.412,27.627,29.374,28.411,HARD,14.0,False
31.0,COL,85.586,27.848,29.279,28.459,HARD,15.0,False
32.0,COL,85.433,27.856,29.424,28.153,HARD,16.0,False
33.0,COL,84.868,27.777,29.002,28.089,HARD,17.0,False
34.0,COL,84.921,27.66,29.203,28.058,HARD,18.0,False
35.0,COL,84.798,27.657,29.022,28.119,HARD,19.0,False
36.0,COL,84.84,27.749,28.911,28.18,HARD,20.0,False
37.0,COL,85.345,27.708,29.316,28.321,HARD,21.0,False
38.0,COL,85.194,27.77,29.172,28.252,HARD,22.0,False
39.0,COL,85.128,27.686,29.125,28.317,HARD,23.0,False
40.0,COL,85.147,27.866,29.027,28.254,HARD,24.0,False
41.0,COL,84.801,27.723,28.907,28.171,HARD,25.0,False
42.0,COL,84.62,27.713,28.906,28.001,HARD,26.0,False
43.0,COL,85.979,28.24,29.502,28.237,HARD,27.0,False
44.0,COL,85.161,27.716,29.211,28.234,HARD,28.0,False
45.0,COL,84.812,27.681,28.987,28.144,HARD,29.0,False
46.0,COL,84.939,27.778,29.039,28.122,HARD,30.0,False
47.0,COL,84.697,27.747,28.906,28.044,HARD,31.0,False
48.0,COL,84.538,27.746,28.832,27.96,HARD,32.0,False
49.0,COL,84.474,27.716,28.817,27.941,HARD,33.0,True
50.0,COL,84.3,27.683,28.778,27.839,HARD,34.0,True
51.0,COL,84.186,27.623,28.661,27.902,HARD,35.0,True
52.0,COL,84.429,27.719,28.664,28.046,HARD,36.0,False
53.0,COL,83.728,27.47,28.56,27.698,HARD,37.0,True
1.0,GAS,94.873,,32.375,30.504,MEDIUM,1.0,False
2.0,GAS,86.606,28.039,29.66,28.907,MEDIUM,2.0,True
3.0,GAS,86.646,27.792,29.847,29.007,MEDIUM,3.0,False
4.0,GAS,86.395,27.727,29.808,28.86,MEDIUM,4.0,True
5.0,GAS,86.361,27.701,29.878,28.782,MEDIUM,5.0,True
6.0,GAS,86.042,27.701,29.766,28.575,MEDIUM,6.0,True
7.0,GAS,85.82,27.578,29.657,28.585,MEDIUM,7.0,True
8.0,GAS,86.465,27.82,29.774,28.871,MEDIUM,8.0,False
9.0,GAS,87.148,28.298,29.849,29.001,MEDIUM,9.0,False
10.0,GAS,91.535,28.279,30.004,33.252,MEDIUM,10.0,False
11.0,GAS,105.677,47.786,29.46,28.431,HARD,1.0,False
12.0,GAS,85.07,27.865,28.972,28.233,HARD,2.0,True
13.0,GAS,84.816,27.711,28.895,28.21,HARD,3.0,True
14.0,GAS,85.214,27.635,29.154,28.425,HARD,4.0,False
15.0,GAS,85.529,27.826,29.219,28.484,HARD,5.0,False
16.0,GAS,85.537,27.802,29.257,28.478,HARD,6.0,False
17.0,GAS,85.165,27.749,29.093,28.323,HARD,7.0,False
18.0,GAS,86.182,27.923,29.637,28.622,HARD,8.0,False
19.0,GAS,85.403,27.766,29.133,28.504,HARD,9.0,False
20.0,GAS,85.058,27.64,29.093,28.325,HARD,10.0,False
21.0,GAS,84.878,27.493,29.076,28.309,HARD,11.0,False
22.0,GAS,85.105,27.58,29.377,28.148,HARD,12.0,False
23.0,GAS,86.161,27.685,29.232,29.244,HARD,13.0,False
24.0,GAS,85.882,27.827,29.548,28.507,HARD,14.0,False
25.0,GAS,85.988,27.829,29.434,28.725,HARD,15.0,False
26.0,GAS,85.742,27.833,29.396,28.513,HARD,16.0,False
27.0,GAS,87.191,28.052,30.341,28.798,HARD,17.0,False
28.0,GAS,85.823,27.745,29.509,28.569,HARD,18.0,False
29.0,GAS,86.079,27.866,29.53,28.683,HARD,19.0,False
30.0,GAS,91.004,28.135,29.807,33.062,HARD,20.0,False
31.0,GAS,105.757,47.316,29.602,28.839,HARD,1.0,False
32.0,GAS,84.423,27.539,28.895,27.989,HARD,2.0,True
33.0,GAS,84.252,27.442,28.748,28.062,HARD,3.0,True
34.0,GAS,84.383,27.533,28.801,28.049,HARD,4.0,False
35.0,GAS,84.822,27.489,28.908,28.425,HARD,5.0,False
36.0,GAS,85.591,28.483,29.115,27.993,HARD,6.0,False
37.0,GAS,84.386,27.544,28.83,28.012,HARD,7.0,False
38.0,GAS,85.229,28.025,29.02,28.184,HARD,8.0,False
39.0,GAS,84.591,27.531,28.909,28.151,HARD,9.0,False
40.0,GAS,85.104,27.386,29.224,28.494,HARD,10.0,False
41.0,GAS,85.772,27.574,29.339,28.859,HARD,11.0,False
42.0,GAS,84.605,27.466,29.033,28.106,HARD,12.0,False
43.0,GAS,85.142,27.634,28.826,28.682,HARD,13.0,False
44.0,GAS,86.175,29.052,28.986,28.137,HARD,14.0,False
45.0,GAS,85.425,27.465,29.33,28.63,HARD,15.0,False
46.0,GAS,84.403,27.428,28.993,27.982,HARD,16.0,False
47.0,GAS,83.923,27.416,28.669,27.838,HARD,17.0,True
48.0,GAS,84.036,27.482,28.672,27.882,HARD,18.0,False
49.0,GAS,83.852,27.38,28.645,27.827,HARD,19.0,True
50.0,GAS,84.077,27.401,28.762,27.914,HARD,20.0,False
51.0,GAS,83.755,27.415,28.564,27.776,HARD,21.0,True
52.0,GAS,83.973,27.504,28.724,27.745,HARD,22.0,False
1.0,HAM,89.674,,30.629,28.773,MEDIUM,1.0,False
2.0,HAM,86.043,27.701,29.754,28.588,MEDIUM,2.0,True
3.0,HAM,85.63,27.495,29.688,28.447,MEDIUM,3.0,True
4.0,HAM,85.722,27.65,29.626,28.446,MEDIUM,4.0,False
5.0,HAM,84.771,27.451,29.134,28.186,MEDIUM,5.0,True
6.0,HAM,84.919,27.565,29.213,28.141,MEDIUM,6.0,False
7.0,HAM,85.205,27.635,29.267,28.303,MEDIUM,7.0,False
8.0,HAM,84.871,27.605,28.975,28.291,MEDIUM,8.0,False
9.0,HAM,85.035,27.79,29.067,28.178,MEDIUM,9.0,False
10.0,HAM,84.909,27.537,29.196,28.176,MEDIUM,10.0,False
11.0,HAM,84.938,27.64,29.078,28.22,MEDIUM,11.0,False
12.0,HAM,84.932,27.672,28.987,28.273,MEDIUM,12.0,False
13.0,HAM,85.329,27.618,29.205,28.506,MEDIUM,13.0,False
14.0,HAM,85.817,27.774,29.496,28.547,MEDIUM,14.0,False
15.0,HAM,90.365,27.855,29.557,32.953,MEDIUM,15.0,False
16.0,HAM,105.664,47.705,29.604,28.355,HARD,1.0,False
17.0,HAM,84.843,27.547,29.109,28.187,HARD,2.0,False
18.0,HAM,84.831,27.403,29.345,28.083,HARD,3.0,False
19.0,HAM,84.649,27.623,29.0,28.026,HARD,4.0,True
20.0,HAM,84.64,27.535,29.101,28.004,HARD,5.0,True
21.0,HAM,84.915,27.503,29.277,28.135,HARD,6.0,False
22.0,HAM,84.613,27.506,29.05,28.057,HARD,7.0,True
23.0,HAM,84.132,27.498,28.807,27.827,HARD,8.0,True
24.0,HAM,83.818,27.401,28.687,27.73,HARD,9.0,True
25.0,HAM,83.804,27.382,28.683,27.739,HARD,10.0,True
26.0,HAM,83.673,27.426,28.517,27.73,HARD,11.0,True
27.0,HAM,83.495,27.368,28.429,27.698,HARD,12.0,True
28.0,HAM,83.64,27.387,28.677,27.576,HARD,13.0,False
29.0,HAM,83.507,27.354,28.585,27.568,HARD,14.0,False
30.0,HAM,83.445,27.347,28.553,27.545,HARD,15.0,True
31.0,HAM,83.36,27.406,28.477,27.477,HARD,16.0,True
32.0,HAM,83.328,27.289,28.539,27.5,HARD,17.0,True
33.0,HAM,83.397,27.3,28.473,27.624,HARD,18.0,False
34.0,HAM,83.531,27.419,28.494,27.618,HARD,19.0,False
35.0,HAM,83.378,27.375,28.4,27.603,HARD,20.0,False
36.0,HAM,83.601,27.404,28.475,27.722,HARD,21.0,False
37.0,HAM,88.349,27.414,28.692,32.243,HARD,22.0,False
38.0,HAM,102.426,46.782,28.18,27.464,HARD,1.0,False
39.0,HAM,82.968,27.319,28.185,27.464,HARD,2.0,True
40.0,HAM,83.012,27.251,28.312,27.449,HARD,3.0,False
41.0,HAM,82.927,27.27,28.351,27.306,HARD,4.0,True
42.0,HAM,82.52,27.153,28.04,27.327,HARD,5.0,True
43.0,HAM,82.396,27.199,27.994,27.203,HARD,6.0,True
44.0,HAM,82.136,27.07,27.861,27.205,HARD,7.0,True
45.0,HAM,82.176,27.054,27.86,27.262,HARD,8.0,False
46.0,HAM,82.307,27.202,27.858,27.247,HARD,9.0,False
47.0,HAM,82.471,27.347,27.921,27.203,HARD,10.0,False
48.0,HAM,82.794,27.345,28.08,27.369,HARD,11.0,False
49.0,HAM,82.446,27.239,28.038,27.169,HARD,12.0,False
50.0,HAM,82.243,27.129,27.892,27.222,HARD,13.0,False
51.0,HAM,82.737,27.129,28.19,27.418,HARD,14.0,False
52.0,HAM,85.703,27.261,29.697,28.745,HARD,15.0,False
53.0,HAM,81.512,27.069,27.439,27.004,HARD,16.0,True
1.0,HUL,95.519,,32.105,31.886,MEDIUM,1.0,False
2.0,HUL,87.512,28.557,30.071,28.884,MEDIUM,2.0,True
3.0,HUL,86.434,27.75,30.166,28.518,MEDIUM,3.0,True
4.0,HUL,86.541,27.663,30.138,28.74,MEDIUM,4.0,False
5.0,HUL,91.729,28.098,30.266,33.365,MEDIUM,5.0,False
6.0,HUL,120.178,61.963,29.356,28.859,HARD,1.0,False
7.0,HUL,85.882,27.741,29.461,28.68,HARD,2.0,True
8.0,HUL,85.351,27.613,29.199,28.539,HARD,3.0,True
9.0,HUL,85.191,27.635,29.008,28.548,HARD,4.0,True
10.0,HUL,85.194,27.683,29.155,28.356,HARD,5.0,False
11.0,HUL,85.322,27.695,29.264,28.363,HARD,6.0,False
12.0,HUL,85.166,27.705,29.112,28.349,HARD,7.0,True
13.0,HUL,84.983,27.709,28.99,28.284,HARD,8.0,True
14.0,HUL,85.014,27.67,29.059,28.285,HARD,9.0,False
15.0,HUL,85.862,27.814,29.602,28.446,HARD,10.0,False
16.0,HUL,85.017,27.621,29.153,28.243,HARD,11.0,False
17.0,HUL,86.119,28.068,29.532,28.519,HARD,12.0,False
18.0,HUL,85.465,27.745,29.402,28.318,HARD,13.0,False
19.0,HUL,85.326,27.643,29.281,28.402,HARD,14.0,False
20.0,HUL,86.113,28.033,29.416,28.664,HARD,15.0,False
21.0,HUL,85.735,27.727,29.626,28.382,HARD,16.0,False
22.0,HUL,85.565,27.699,29.412,28.454,HARD,17.0,False
23.0,HUL,85.632,27.753,29.402,28.477,HARD,18.0,False
24.0,HUL,85.608,27.815,29.378,28.415,HARD,19.0,False
25.0,HUL,85.716,27.703,29.635,28.378,HARD,20.0,False
26.0,HUL,85.506,27.639,29.426,28.441,HARD,21.0,False
27.0,HUL,85.674,27.804,29.477,28.393,HARD,22.0,False
28.0,HUL,85.43,27.724,29.358,28.348,HARD,23.0,False
29.0,HUL,85.57,27.783,29.394,28.393,HARD,24.0,False
30.0,HUL,85.628,27.747,29.399,28.482,HARD,25.0,False
31.0,HUL,85.142,27.617,29.306,28.219,HARD,26.0,False
32.0,HUL,89.903,27.722,29.548,32.633,HARD,27.0,False
33.0,HUL,116.554,59.655,28.981,27.918,HARD,1.0,False
34.0,HUL,83.587,27.184,28.603,27.8,HARD,2.0,True
35.0,HUL,83.761,27.358,28.568,27.835,HARD,3.0,False
36.0,HUL,83.772,27.531,28.515,27.726,HARD,4.0,False
37.0,HUL,87.809,28.75,30.963,28.096,HARD,5.0,False
38.0,HUL,83.88,27.224,28.782,27.874,HARD,6.0,False
39.0,HUL,84.019,27.474,28.71,27.835,HARD,7.0,False
40.0,HUL,83.621,27.388,28.548,27.685,HARD,8.0,False
41.0,HUL,83.449,27.305,28.476,27.668,HARD,9.0,True
42.0,HUL,83.624,27.402,28.603,27.619,HARD,10.0,False
43.0,HUL,83.591,27.345,28.631,27.615,HARD,11.0,False
44.0,HUL,83.275,27.215,28.512,27.548,HARD,12.0,True
45.0,HUL,83.807,27.441,28.593,27.773,HARD,13.0,False
46.0,HUL,84.107,27.342,29.061,27.704,HARD,14.0,False
47.0,HUL,86.991,27.137,30.443,29.411,HARD,15.0,False
48.0,HUL,85.125,27.355,28.862,28.908,HARD,16.0,False
49.0,HUL,83.404,27.026,28.648,27.73,HARD,17.0,False
50.0,HUL,84.017,27.374,28.833,27.81,HARD,18.0,False
51.0,HUL,84.211,27.537,28.807,27.867,HARD,19.0,False
52.0,HUL,83.966,27.415,28.802,27.749,HARD,20.0,False
1.0,LEC,88.179,,29.989,28.398,MEDIUM,1.0,False
2.0,LEC,85.396,27.707,29.265,28.424,MEDIUM,2.0,True
3.0,LEC,85.179,27.679,29.001,28.499,MEDIUM,3.0,True
4.0,LEC,84.81,27.653,28.883,28.274,MEDIUM,4.0,True
5.0,LEC,84.603,27.63,28.79,28.183,MEDIUM,5.0,True
6.0,LEC,84.663,27.596,28.945,28.122,MEDIUM,6.0,False
7.0,LEC,84.434,27.645,28.701,28.088,MEDIUM,7.0,True
8.0,LEC,84.569,27.557,28.771,28.241,MEDIUM,8.0,False
9.0,LEC,84.362,27.542,28.781,28.039,MEDIUM,9.0,True
10.0,LEC,84.432,27.515,28.84,28.077,MEDIUM,10.0,False
11.0,LEC,84.846,27.633,28.951,28.262,MEDIUM,11.0,False
12.0,LEC,84.916,27.68,28.971,28.265,MEDIUM,12.0,False
13.0,LEC,85.529,27.812,29.177,28.54,MEDIUM,13.0,False
14.0,LEC,85.606,27.839,29.217,28.55,MEDIUM,14.0,False
15.0,LEC,90.192,28.034,29.361,32.797,MEDIUM,15.0,False
16.0,LEC,104.888,47.985,28.75,28.153,HARD,1.0,False
17.0,LEC,84.27,27.458,28.73,28.082,HARD,2.0,True
18.0,LEC,83.875,27.408,28.571,27.896,HARD,3.0,True
19.0,LEC,84.203,27.354,28.722,28.127,HARD,4.0,False
20.0,LEC,83.826,27.483,28.623,27.72,HARD,5.0,True
21.0,LEC,83.88,27.423,28.725,27.732,HARD,6.0,False
22.0,LEC,83.768,27.358,28.484,27.926,HARD,7.0,True
23.0,LEC,83.864,27.438,28.501,27.925,HARD,8.0,False
24.0,LEC,83.64,27.347,28.551,27.742,HARD,9.0,True
25.0,LEC,83.59,27.38,28.445,27.765,HARD,10.0,True
26.0,LEC,83.321,27.356,28.307,27.658,HARD,11.0,True
27.0,LEC,83.534,27.38,28.412,27.742,HARD,12.0,False
28.0,LEC,83.284,27.337,28.297,27.65,HARD,13.0,True
29.0,LEC,83.229,27.336,28.301,27.592,HARD,14.0,True
30.0,LEC,83.359,27.361,28.259,27.739,HARD,15.0,False
31.0,LEC,83.972,27.312,28.74,27.92,HARD,16.0,False
32.0,LEC,83.274,27.246,28.382,27.646,HARD,17.0,False
33.0,LEC,83.226,27.189,28.364,27.673,HARD,18.0,True
34.0,LEC,83.43,27.324,28.408,27.698,HARD,19.0,False
35.0,LEC,83.681,27.393,28.512,27.776,HARD,20.0,False
36.0,LEC,83.714,27.31,28.493,27.911,HARD,21.0,False
37.0,LEC,83.55,27.279,28.457,27.814,HARD,22.0,False
38.0,LEC,83.624,27.372,28.466,27.786,HARD,23.0,False
39.0,LEC,83.718,27.448,28.564,27.706,HARD,24.0,False
40.0,LEC,83.69,27.399,28.465,27.826,HARD,25.0,False
41.0,LEC,83.611,27.372,28.44,27.799,HARD,26.0,False
42.0,LEC,83.67,27.424,28.458,27.788,HARD,27.0,False
43.0,LEC,83.867,27.382,28.558,27.927,HARD,28.0,False
44.0,LEC,83.43,27.386,28.395,27.649,HARD,29.0,False
45.0,LEC,83.731,27.507,28.427,27.797,HARD,30.0,False
46.0,LEC,83.597,27.539,28.364,27.694,HARD,31.0,False
47.0,LEC,83.676,27.509,28.426,27.741,HARD,32.0,False
48.0,LEC,83.518,27.502,28.365,27.651,HARD,33.0,False
49.0,LEC,83.467,27.457,28.319,27.691,HARD,34.0,False
50.0,LEC,83.461,27.425,28.336,27.7,HARD,35.0,False
51.0,LEC,83.555,27.432,28.386,27.737,HARD,36.0,False
52.0,LEC,83.75,27.432,28.471,27.847,HARD,37.0,False
53.0,LEC,83.268,27.285,28.302,27.681,HARD,38.0,False
1.0,MAG,93.931,,32.021,30.142,MEDIUM,1.0,False
2.0,MAG,87.205,28.017,30.016,29.172,MEDIUM,2.0,True
3.0,MAG,86.584,27.857,29.621,29.106,MEDIUM,3.0,True
4.0,MAG,86.372,27.705,29.742,28.925,MEDIUM,4.0,True
5.0,MAG,86.142,27.875,29.741,28.526,MEDIUM,5.0,True
6.0,MAG,85.902,27.751,29.371,28.78,MEDIUM,6.0,True
7.0,MAG,85.825,27.67,29.326,28.829,MEDIUM,7.0,True
8.0,MAG,85.966,27.831,29.342,28.793,MEDIUM,8.0,False
9.0,MAG,85.785,27.712,29.421,28.652,MEDIUM,9.0,True
10.0,MAG,85.799,27.539,29.45,28.81,MEDIUM,10.0,False
11.0,MAG,86.04,27.934,29.461,28.645,MEDIUM,11.0,False
12.0,MAG,86.145,27.89,29.423,28.832,MEDIUM,12.0,False
13.0,MAG,86.286,27.987,29.475,28.824,MEDIUM,13.0,False
14.0,MAG,89.943,27.85,29.265,32.828,MEDIUM,14.0,False
15.0,MAG,107.023,49.141,29.298,28.584,HARD,1.0,False
16.0,MAG,85.644,27.528,29.615,28.501,HARD,2.0,True
17.0,MAG,84.769,27.413,29.013,28.343,HARD,3.0,True
18.0,MAG,86.533,27.535,30.511,28.487,HARD,4.0,False
19.0,MAG,85.109,27.577,29.035,28.497,HARD,5.0,False
20.0,MAG,85.154,27.6,29.118,28.436,HARD,6.0,False
21.0,MAG,84.793,27.395,29.013,28.385,HARD,7.0,False
22.0,MAG,85.071,27.494,29.358,28.219,HARD,8.0,False
23.0,MAG,85.057,27.581,29.225,28.251,HARD,9.0,False
24.0,MAG,85.131,27.619,29.083,28.429,HARD,10.0,False
25.0,MAG,85.504,27.792,29.203,28.509,HARD,11.0,False
26.0,MAG,85.199,27.63,29.318,28.251,HARD,12.0,False
27.0,MAG,84.64,27.537,28.928,28.175,HARD,13.0,True
28.0,MAG,84.415,27.625,28.819,27.971,HARD,14.0,True
29.0,MAG,84.799,27.746,28.958,28.095,HARD,15.0,False
30.0,MAG,84.573,27.504,28.735,28.334,HARD,16.0,False
31.0,MAG,84.458,27.512,28.763,28.183,HARD,17.0,False
32.0,MAG,84.408,27.426,28.922,28.06,HARD,18.0,True
33.0,MAG,84.853,27.586,29.068,28.199,HARD,19.0,False
34.0,MAG,84.702,27.738,28.876,28.088,HARD,20.0,False
35.0,MAG,84.17,27.575,28.669,27.926,HARD,21.0,True
36.0,MAG,84.276,27.682,28.666,27.928,HARD,22.0,False
37.0,MAG,83.95,27.628,28.563,27.759,HARD,23.0,True
38.0,MAG,84.803,27.61,29.034,28.159,HARD,24.0,False
39.0,MAG,84.463,27.613,28.833,28.017,HARD,25.0,False
40.0,MAG,84.282,27.589,28.725,27.968,HARD,26.0,False
41.0,MAG,84.625,27.74,28.925,27.96,HARD,27.0,False
42.0,MAG,84.628,27.873,28.838,27.917,HARD,28.0,False
43.0,MAG,84.605,27.598,29.017,27.99,HARD,29.0,False
44.0,MAG,85.205,28.15,29.146,27.909,HARD,30.0,False
45.0,MAG,84.272,27.631,28.775,27.866,HARD,31.0,False
46.0,MAG,84.124,27.526,28.825,27.773,HARD,32.0,False
47.0,MAG,83.971,27.54,28.669,27.762,HARD,33.0,False
48.0,MAG,83.741,27.532,28.529,27.68,HARD,34.0,True
49.0,MAG,83.708,27.55,28.553,27.605,HARD,35.0,True
50.0,MAG,83.603,27.506,28.558,27.539,HARD,36.0,True
51.0,MAG,83.437,27.501,28.449,27.487,HARD,37.0,True
52.0,MAG,83.691,27.688,28.525,27.478,HARD,38.0,False
53.0,MAG,83.715,27.488,28.468,27.759,HARD,39.0,False
1.0,NOR,88.971,,31.051,28.624,MEDIUM,1.0,False
2.0,NOR,85.458,27.676,29.408,28.374,MEDIUM,2.0,True
3.0,NOR,85.11,27.513,29.381,28.216,MEDIUM,3.0,True
4.0,NOR,85.168,27.638,29.468,28.062,MEDIUM,4.0,False
5.0,NOR,84.674,27.524,29.143,28.007,MEDIUM,5.0,True
6.0,NOR,84.768,27.75,29.004,28.014,MEDIUM,6.0,False
7.0,NOR,84.531,27.587,28.963,27.981,MEDIUM,7.0,True
8.0,NOR,84.674,27.651,28.986,28.037,MEDIUM,8.0,False
9.0,NOR,84.664,27.658,28.998,28.008,MEDIUM,9.0,False
10.0,NOR,84.391,27.54,28.898,27.953,MEDIUM,10.0,True
11.0,NOR,84.448,27.574,28.908,27.966,MEDIUM,11.0,False
12.0,NOR,84.655,27.666,28.925,28.064,MEDIUM,12.0,False
13.0,NOR,85.359,27.854,29.182,28.323,MEDIUM,13.0,False
14.0,NOR,89.417,27.752,29.105,32.56,MEDIUM,14.0,False
15.0,NOR,103.84,47.124,28.866,27.85,HARD,1.0,False
16.0,NOR,84.154,27.403,28.918,27.833,HARD,2.0,True
17.0,NOR,85.585,27.663,29.214,28.708,HARD,3.0,False
18.0,NOR,83.92,27.388,28.784,27.748,HARD,4.0,True
19.0,NOR,84.152,27.493,28.937,27.722,HARD,5.0,False
20.0,NOR,83.882,27.463,28.773,27.646,HARD,6.0,True
21.0,NOR,83.753,27.42,28.634,27.699,HARD,7.0,True
22.0,NOR,83.652,27.332,28.669,27.651,HARD,8.0,True
23.0,NOR,83.581,27.324,28.537,27.72,HARD,9.0,True
24.0,NOR,83.601,27.359,28.596,27.646,HARD,10.0,False
25.0,NOR,83.321,27.47,28.41,27.441,HARD,11.0,True
26.0,NOR,83.469,27.353,28.529,27.587,HARD,12.0,False
27.0,NOR,83.267,27.43,28.352,27.485,HARD,13.0,True
28.0,NOR,83.067,27.412,28.243,27.412,HARD,14.0,True
29.0,NOR,83.3,27.399,28.366,27.535,HARD,15.0,False
30.0,NOR,83.614,27.443,28.601,27.57,HARD,16.0,False
31.0,NOR,84.94,27.401,30.08,27.459,HARD,17.0,False
32.0,NOR,87.414,27.332,28.335,31.747,HARD,18.0,False
33.0,NOR,104.073,47.623,28.605,27.845,HARD,1.0,False
34.0,NOR,82.837,27.127,28.244,27.466,HARD,2.0,True
35.0,NOR,83.137,27.152,28.436,27.549,HARD,3.0,False
36.0,NOR,83.114,27.244,28.349,27.521,HARD,4.0,False
37.0,NOR,83.178,27.264,28.492,27.422,HARD,5.0,False
38.0,NOR,83.133,27.288,28.405,27.44,HARD,6.0,False
39.0,NOR,83.061,27.31,28.197,27.554,HARD,7.0,False
40.0,NOR,84.162,27.483,28.909,27.77,HARD,8.0,False
41.0,NOR,82.234,26.936,28.051,27.247,HARD,9.0,True
42.0,NOR,82.678,27.463,28.033,27.182,HARD,10.0,False
43.0,NOR,82.25,27.242,27.935,27.073,HARD,11.0,False
44.0,NOR,82.403,27.218,27.935,27.25,HARD,12.0,False
45.0,NOR,82.398,27.362,27.965,27.071,HARD,13.0,False
46.0,NOR,82.041,27.113,27.81,27.118,HARD,14.0,True
47.0,NOR,83.852,27.298,28.528,28.026,HARD,15.0,False
48.0,NOR,81.824,26.97,27.88,26.974,HARD,16.0,True
49.0,NOR,82.436,27.265,28.039,27.132,HARD,17.0,False
50.0,NOR,83.266,27.342,27.873,28.051,HARD,18.0,False
51.0,NOR,82.269,27.205,28.026,27.038,HARD,19.0,False
52.0,NOR,82.302,27.27,27.872,27.16,HARD,20.0,False
53.0,NOR,81.432,27.136,27.492,26.804,HARD,21.0,True
1.0,OCO,95.432,,32.145,30.978,HARD,1.0,False
2.0,OCO,86.837,27.923,29.711,29.203,HARD,2.0,True
3.0,OCO,86.466,27.636,29.875,28.955,HARD,3.0,True
4.0,OCO,86.297,27.645,29.744,28.908,HARD,4.0,True
5.0,OCO,86.568,27.648,29.977,28.943,HARD,5.0,False
6.0,OCO,85.684,27.537,29.537,28.61,HARD,6.0,True
7.0,OCO,86.006,27.682,29.533,28.791,HARD,7.0,False
8.0,OCO,86.053,27.615,29.699,28.739,HARD,8.0,False
9.0,OCO,85.369,27.493,29.157,28.719,HARD,9.0,True
10.0,OCO,86.035,27.667,29.597,28.771,HARD,10.0,False
11.0,OCO,86.349,27.858,29.585,28.906,HARD,11.0,False
12.0,OCO,85.954,27.772,29.531,28.651,HARD,12.0,False
13.0,OCO,86.059,27.841,29.602,28.616,HARD,13.0,False
14.0,OCO,86.307,27.993,29.539,28.775,HARD,14.0,False
15.0,OCO,86.677,28.07,29.784,28.823,HARD,15.0,False
16.0,OCO,86.694,28.372,29.599,28.723,HARD,16.0,False
17.0,OCO,86.002,27.879,29.478,28.645,HARD,17.0,False
18.0,OCO,86.234,27.871,29.579,28.784,HARD,18.0,False
19.0,OCO,86.174,27.853,29.575,28.746,HARD,19.0,False
20.0,OCO,87.326,28.562,30.084,28.68,HARD,20.0,False
21.0,OCO,86.45,27.882,29.769,28.799,HARD,21.0,False
22.0,OCO,86.327,27.907,29.593,28.827,HARD,22.0,False
23.0,OCO,86.201,27.915,29.547,28.739,HARD,23.0,False
24.0,OCO,86.77,28.016,30.077,28.677,HARD,24.0,False
25.0,OCO,87.519,28.287,29.931,29.301,HARD,25.0,False
26.0,OCO,86.383,27.964,29.697,28.722,HARD,26.0,False
27.0,OCO,86.725,28.38,29.619,28.726,HARD,27.0,False
28.0,OCO,86.013,27.915,29.455,28.643,HARD,28.0,False
29.0,OCO,86.099,27.936,29.459,28.704,HARD,29.0,False
30.0,OCO,86.025,27.867,29.462,28.696,HARD,30.0,False
31.0,OCO,90.757,27.869,29.413,33.475,HARD,31.0,False
32.0,OCO,104.71,47.349,29.092,28.269,MEDIUM,1.0,False
33.0,OCO,84.652,27.535,28.96,28.157,MEDIUM,2.0,True
34.0,OCO,84.965,27.49,29.083,28.392,MEDIUM,3.0,False
35.0,OCO,85.019,27.652,29.052,28.315,MEDIUM,4.0,False
36.0,OCO,84.942,27.68,29.05,28.212,MEDIUM,5.0,False
37.0,OCO,84.613,27.619,28.939,28.055,MEDIUM,6.0,True
38.0,OCO,84.845,27.649,29.024,28.172,MEDIUM,7.0,False
39.0,OCO,85.267,27.695,29.022,28.55,MEDIUM,8.0,False
40.0,OCO,85.211,27.772,29.136,28.303,MEDIUM,9.0,False
41.0,OCO,85.06,27.689,29.106,28.265,MEDIUM,10.0,False
42.0,OCO,85.119,27.666,29.163,28.29,MEDIUM,11.0,False
43.0,OCO,86.111,29.201,28.893,28.017,MEDIUM,12.0,False
44.0,OCO,84.669,27.569,28.972,28.128,MEDIUM,13.0,False
45.0,OCO,84.587,27.573,29.006,28.008,MEDIUM,14.0,True
46.0,OCO,84.449,27.583,28.831,28.035,MEDIUM,15.0,True
47.0,OCO,84.506,27.586,28.836,28.084,MEDIUM,16.0,False
48.0,OCO,84.458,27.685,28.733,28.04,MEDIUM,17.0,False
49.0,OCO,85.79,27.668,30.068,28.054,MEDIUM,18.0,False
50.0,OCO,85.688,27.765,29.646,28.277,MEDIUM,19.0,False
51.0,OCO,84.59,27.617,28.876,28.097,MEDIUM,20.0,False
52.0,OCO,84.343,27.604,28.777,27.962,MEDIUM,21.0,True
1.0,PER,91.698,,31.761,29.279,HARD,1.0,False
2.0,PER,86.411,27.938,29.614,28.859,HARD,2.0,True
3.0,PER,85.757,27.641,29.539,28.577,HARD,3.0,True
4.0,PER,85.805,27.729,29.608,28.468,HARD,4.0,False
5.0,PER,85.447,27.791,29.396,28.26,HARD,5.0,True
6.0,PER,85.105,27.708,29.113,28.284,HARD,6.0,True
7.0,PER,85.434,27.54,29.215,28.679,HARD,7.0,False
8.0,PER,85.186,27.589,29.255,28.342,HARD,8.0,False
9.0,PER,84.977,27.531,29.183,28.263,HARD,9.0,True
10.0,PER,84.841,27.446,29.014,28.381,HARD,10.0,True
11.0,PER,84.773,27.488,29.083,28.202,HARD,11.0,True
12.0,PER,84.654,27.581,28.805,28.268,HARD,12.0,True
13.0,PER,85.041,27.678,28.947,28.416,HARD,13.0,False
14.0,PER,85.229,27.6,29.151,28.478,HARD,14.0,False
15.0,PER,85.543,27.751,29.282,28.51,HARD,15.0,False
16.0,PER,85.434,27.696,29.265,28.473,HARD,16.0,False
17.0,PER,85.444,27.773,29.249,28.422,HARD,17.0,False
18.0,PER,85.448,27.72,29.294,28.434,HARD,18.0,False
19.0,PER,85.683,27.756,29.355,28.572,HARD,19.0,False
20.0,PER,86.111,27.787,29.628,28.696,HARD,20.0,False
21.0,PER,85.864,27.869,29.534,28.461,HARD,21.0,False
22.0,PER,85.709,27.777,29.491,28.441,HARD,22.0,False
23.0,PER,89.869,27.746,29.216,32.907,HARD,23.0,False
24.0,PER,105.017,48.1,28.804,28.113,HARD,1.0,False
25.0,PER,84.109,27.309,28.892,27.908,HARD,2.0,True
26.0,PER,83.975,27.423,28.737,27.815,HARD,3.0,True
27.0,PER,83.784,27.408,28.619,27.757,HARD,4.0,True
28.0,PER,83.598,27.394,28.551,27.653,HARD,5.0,True
29.0,PER,83.854,27.533,28.726,27.595,HARD,6.0,False
30.0,PER,83.474,27.502,28.485,27.487,HARD,7.0,True
31.0,PER,85.086,28.338,29.149,27.599,HARD,8.0,False
32.0,PER,83.825,27.527,28.753,27.545,HARD,9.0,False
33.0,PER,83.473,27.359,28.591,27.523,HARD,10.0,True
34.0,PER,83.611,27.423,28.521,27.667,HARD,11.0,False
35.0,PER,88.255,27.529,28.532,32.194,HARD,12.0,False
36.0,PER,104.074,47.125,28.868,28.081,MEDIUM,1.0,False
37.0,PER,83.291,27.386,28.558,27.347,MEDIUM,2.0,True
38.0,PER,86.243,28.912,29.679,27.652,MEDIUM,3.0,False
39.0,PER,83.707,27.5,28.757,27.45,MEDIUM,4.0,False
40.0,PER,83.393,27.426,28.451,27.516,MEDIUM,5.0,False
41.0,PER,83.267,27.254,28.382,27.631,MEDIUM,6.0,True
42.0,PER,83.908,27.376,28.603,27.929,MEDIUM,7.0,False
43.0,PER,84.537,27.618,28.976,27.943,MEDIUM,8.0,False
44.0,PER,83.617,27.303,28.77,27.544,MEDIUM,9.0,False
45.0,PER,83.033,27.423,28.172,27.438,MEDIUM,10.0,True
46.0,PER,82.996,27.319,28.2,27.477,MEDIUM,11.0,True
47.0,PER,82.971,27.317,28.12,27.534,MEDIUM,12.0,True
48.0,PER,83.315,27.481,28.224,27.61,MEDIUM,13.0,False
49.0,PER,83.612,27.546,28.309,27.757,MEDIUM,14.0,False
50.0,PER,83.39,27.408,28.351,27.631,MEDIUM,15.0,False
51.0,PER,83.415,27.384,28.337,27.694,MEDIUM,16.0,False
52.0,PER,84.071,27.477,28.59,28.004,MEDIUM,17.0,False
53.0,PER,84.511,27.669,28.835,28.007,MEDIUM,18.0,False
1.0,PIA,87.623,,30.021,28.254,MEDIUM,1.0,False
2.0,PIA,85.116,27.751,29.311,28.054,MEDIUM,2.0,True
3.0,PIA,85.261,27.67,29.271,28.32,MEDIUM,3.0,False
4.0,PIA,84.695,27.672,28.825,28.198,MEDIUM,4.0,True
5.0,PIA,84.66,27.702,28.906,28.052,MEDIUM,5.0,True
6.0,PIA,84.603,27.799,28.807,27.997,MEDIUM,6.0,True
7.0,PIA,84.418,27.738,28.574,28.106,MEDIUM,7.0,True
8.0,PIA,84.57,27.665,28.777,28.128,MEDIUM,8.0,False
9.0,PIA,84.375,27.637,28.751,27.987,MEDIUM,9.0,True
10.0,PIA,84.077,27.687,28.554,27.836,MEDIUM,10.0,True
11.0,PIA,84.247,27.6,28.726,27.921,MEDIUM,11.0,False
12.0,PIA,84.748,27.848,28.86,28.04,MEDIUM,12.0,False
13.0,PIA,84.67,27.747,28.831,28.092,MEDIUM,13.0,False
14.0,PIA,85.048,27.812,29.03,28.206,MEDIUM,14.0,False
15.0,PIA,85.166,27.84,29.099,28.227,MEDIUM,15.0,False
16.0,PIA,89.939,27.891,29.279,32.769,MEDIUM,16.0,False
17.0,PIA,104.25,46.989,29.31,27.951,HARD,1.0,False
18.0,PIA,84.028,27.464,28.817,27.747,HARD,2.0,True
19.0,PIA,84.602,27.593,28.979,28.03,HARD,3.0,False
20.0,PIA,83.986,27.418,28.823,27.745,HARD,4.0,True
21.0,PIA,83.903,27.438,28.73,27.735,HARD,5.0,True
22.0,PIA,83.647,27.447,28.518,27.682,HARD,6.0,True
23.0,PIA,83.66,27.398,28.459,27.803,HARD,7.0,False
24.0,PIA,83.315,27.339,28.287,27.689,HARD,8.0,True
25.0,PIA,83.23,27.46,28.338,27.432,HARD,9.0,True
26.0,PIA,83.133,27.441,28.228,27.464,HARD,10.0,True
27.0,PIA,83.088,27.455,28.212,27.421,HARD,11.0,True
28.0,PIA,83.168,27.391,28.206,27.571,HARD,12.0,False
29.0,PIA,83.066,27.465,28.196,27.405,HARD,13.0,True
30.0,PIA,82.968,27.449,28.095,27.424,HARD,14.0,True
31.0,PIA,83.221,27.435,28.225,27.561,HARD,15.0,False
32.0,PIA,83.48,27.386,28.343,27.751,HARD,16.0,False
33.0,PIA,83.148,27.43,28.226,27.492,HARD,17.0,False
34.0,PIA,83.456,27.449,28.47,27.537,HARD,18.0,False
35.0,PIA,83.409,27.392,28.529,27.488,HARD,19.0,False
36.0,PIA,83.746,27.429,28.503,27.814,HARD,20.0,False
37.0,PIA,83.691,27.368,28.649,27.674,HARD,21.0,False
38.0,PIA,88.125,27.56,28.596,31.969,HARD,22.0,False
39.0,PIA,103.438,47.532,28.366,27.54,HARD,1.0,False
40.0,PIA,82.264,27.149,27.897,27.218,HARD,2.0,True
41.0,PIA,82.066,27.207,27.79,27.069,HARD,3.0,True
42.0,PIA,82.331,27.245,27.932,27.154,HARD,4.0,False
43.0,PIA,82.092,27.087,27.8,27.205,HARD,5.0,False
44.0,PIA,82.628,27.098,28.121,27.409,HARD,6.0,False
45.0,PIA,83.675,27.217,28.785,27.673,HARD,7.0,False
46.0,PIA,82.537,27.366,27.964,27.207,HARD,8.0,False
47.0,PIA,82.253,27.271,27.856,27.126,HARD,9.0,False
48.0,PIA,82.725,27.626,27.897,27.202,HARD,10.0,False
49.0,PIA,82.945,27.245,27.984,27.716,HARD,11.0,False
50.0,PIA,82.586,27.128,28.205,27.253,HARD,12.0,False
51.0,PIA,82.424,27.313,27.965,27.146,HARD,13.0,False
52.0,PIA,81.948,27.116,27.725,27.107,HARD,14.0,True
53.0,PIA,81.943,27.108,27.803,27.032,HARD,15.0,True
1.0,RIC,93.104,,32.159,29.497,MEDIUM,1.0,False
2.0,RIC,87.177,27.871,30.129,29.177,MEDIUM,2.0,True
3.0,RIC,86.588,27.948,29.629,29.011,MEDIUM,3.0,True
4.0,RIC,86.488,27.785,29.623,29.08,MEDIUM,4.0,True
5.0,RIC,86.251,27.781,29.441,29.029,MEDIUM,5.0,True
6.0,RIC,85.899,27.725,29.48,28.694,MEDIUM,6.0,True
7.0,RIC,85.713,27.574,29.272,28.867,MEDIUM,7.0,True
8.0,RIC,85.993,27.754,29.407,28.832,MEDIUM,8.0,False
9.0,RIC,85.815,27.645,29.238,28.932,MEDIUM,9.0,False
10.0,RIC,86.111,27.654,29.634,28.823,MEDIUM,10.0,False
11.0,RIC,91.962,28.537,29.822,33.603,MEDIUM,11.0,False
12.0,RIC,112.188,53.859,29.514,28.815,HARD,2.0,False
13.0,RIC,86.122,27.957,29.332,28.833,HARD,3.0,False
14.0,RIC,85.827,27.74,29.295,28.792,HARD,4.0,False
15.0,RIC,85.572,27.778,29.198,28.596,HARD,5.0,True
16.0,RIC,85.398,27.642,29.13,28.626,HARD,6.0,True
17.0,RIC,85.028,27.631,28.931,28.466,HARD,7.0,True
18.0,RIC,85.062,27.583,29.066,28.413,HARD,8.0,False
19.0,RIC,84.897,27.628,28.841,28.428,HARD,9.0,True
20.0,RIC,84.753,27.521,28.905,28.327,HARD,10.0,True
21.0,RIC,84.991,27.635,28.913,28.443,HARD,11.0,False
22.0,RIC,85.08,27.587,29.013,28.48,HARD,12.0,False
23.0,RIC,84.848,27.556,28.924,28.368,HARD,13.0,False
24.0,RIC,84.931,27.554,28.85,28.527,HARD,14.0,False
25.0,RIC,85.047,27.57,29.013,28.464,HARD,15.0,False
26.0,RIC,84.906,27.615,28.879,28.412,HARD,16.0,False
27.0,RIC,85.595,27.693,29.487,28.415,HARD,17.0,False
28.0,RIC,85.38,27.54,29.361,28.479,HARD,18.0,False
29.0,RIC,84.835,27.375,29.007,28.453,HARD,19.0,False
30.0,RIC,84.97,27.629,28.907,28.434,HARD,20.0,False
31.0,RIC,84.875,27.583,28.877,28.415,HARD,21.0,False
32.0,RIC,84.69,27.54,28.781,28.369,HARD,22.0,True
33.0,RIC,84.662,27.589,28.815,28.258,HARD,23.0,True
34.0,RIC,84.777,27.638,28.785,28.354,HARD,24.0,False
35.0,RIC,85.588,28.023,29.174,28.391,HARD,25.0,False
36.0,RIC,85.081,27.595,29.126,28.36,HARD,26.0,False
37.0,RIC,85.095,27.58,29.089,28.426,HARD,27.0,False
38.0,RIC,85.288,27.655,29.18,28.453,HARD,28.0,False
39.0,RIC,85.033,27.551,29.12,28.362,HARD,29.0,False
40.0,RIC,85.025,27.587,29.002,28.436,HARD,30.0,False
41.0,RIC,84.945,27.613,28.975,28.357,HARD,31.0,False
42.0,RIC,84.954,27.539,29.029,28.386,HARD,32.0,False
43.0,RIC,85.179,27.704,29.078,28.397,HARD,33.0,False
44.0,RIC,84.776,27.463,28.976,28.337,HARD,34.0,False
45.0,RIC,85.063,27.577,28.935,28.551,HARD,35.0,False
46.0,RIC,85.685,28.125,29.102,28.458,HARD,36.0,False
47.0,RIC,84.775,27.512,28.981,28.282,HARD,37.0,False
48.0,RIC,84.518,27.591,28.827,28.1,HARD,38.0,True
49.0,RIC,84.617,27.568,28.837,28.212,HARD,39.0,False
50.0,RIC,84.817,27.638,28.938,28.241,HARD,40.0,False
51.0,RIC,84.639,27.634,28.818,28.187,HARD,41.0,False
52.0,RIC,84.219,27.477,28.673,28.069,HARD,42.0,True
53.0,RIC,84.347,27.486,28.661,28.2,HARD,43.0,False
1.0,RUS,91.512,,31.627,29.493,MEDIUM,1.0,False
2.0,RUS,86.055,27.76,29.574,28.721,MEDIUM,2.0,True
3.0,RUS,85.733,27.459,29.557,28.717,MEDIUM,3.0,True
4.0,RUS,85.762,27.611,29.727,28.424,MEDIUM,4.0,False
5.0,RUS,85.494,27.579,29.38,28.535,MEDIUM,5.0,True
6.0,RUS,85.101,27.434,29.34,28.327,MEDIUM,6.0,True
7.0,RUS,85.046,27.433,29.295,28.318,MEDIUM,7.0,True
8.0,RUS,85.216,27.494,29.293,28.429,MEDIUM,8.0,False
9.0,RUS,85.115,27.487,29.253,28.375,MEDIUM,9.0,False
10.0,RUS,85.468,27.438,29.406,28.624,MEDIUM,10.0,False
11.0,RUS,91.175,28.145,29.923,33.107,MEDIUM,11.0,False
12.0,RUS,113.412,56.118,29.072,28.222,HARD,1.0,False
13.0,RUS,84.546,27.53,28.977,28.039,HARD,2.0,True
14.0,RUS,84.548,27.378,29.009,28.161,HARD,3.0,False
15.0,RUS,84.56,27.568,28.915,28.077,HARD,4.0,False
16.0,RUS,84.692,27.635,28.894,28.163,HARD,5.0,False
17.0,RUS,84.546,27.493,28.953,28.1,HARD,6.0,False
18.0,RUS,84.521,27.433,28.899,28.189,HARD,7.0,True
19.0,RUS,84.706,27.54,28.883,28.283,HARD,8.0,False
20.0,RUS,85.504,27.574,29.193,28.737,HARD,9.0,False
21.0,RUS,84.626,27.469,29.062,28.095,HARD,10.0,False
22.0,RUS,84.711,27.511,29.038,28.162,HARD,11.0,False
23.0,RUS,84.624,27.513,28.933,28.178,HARD,12.0,False
24.0,RUS,84.621,27.518,29.016,28.087,HARD,13.0,False
25.0,RUS,85.174,27.476,29.621,28.077,HARD,14.0,False
26.0,RUS,83.575,27.402,28.5,27.673,HARD,15.0,True
27.0,RUS,83.732,27.426,28.601,27.705,HARD,16.0,False
28.0,RUS,83.383,27.343,28.441,27.599,HARD,17.0,True
29.0,RUS,83.516,27.399,28.533,27.584,HARD,18.0,False
30.0,RUS,83.177,27.313,28.447,27.417,HARD,19.0,True
31.0,RUS,85.331,27.824,29.75,27.757,HARD,20.0,False
32.0,RUS,83.542,27.315,28.746,27.481,HARD,21.0,False
33.0,RUS,88.264,27.62,28.64,32.004,HARD,22.0,False
34.0,RUS,104.863,49.056,28.275,27.532,HARD,1.0,False
35.0,RUS,82.944,27.148,28.327,27.469,HARD,2.0,True
36.0,RUS,83.333,27.329,28.375,27.629,HARD,3.0,False
37.0,RUS,83.158,27.318,28.494,27.346,HARD,4.0,False
38.0,RUS,85.166,28.506,29.279,27.381,HARD,5.0,False
39.0,RUS,83.142,27.338,28.31,27.494,HARD,6.0,False
40.0,RUS,82.886,27.276,28.216,27.394,HARD,7.0,True
41.0,RUS,84.039,27.443,28.685,27.911,HARD,8.0,False
42.0,RUS,82.799,27.086,28.337,27.376,HARD,9.0,True
43.0,RUS,82.939,27.4,28.273,27.266,HARD,10.0,False
44.0,RUS,82.923,27.219,28.391,27.313,HARD,11.0,False
45.0,RUS,82.685,27.348,28.103,27.234,HARD,12.0,True
46.0,RUS,82.419,27.272,28.032,27.115,HARD,13.0,True
47.0,RUS,82.343,27.287,27.957,27.099,HARD,14.0,True
48.0,RUS,82.165,27.234,27.883,27.048,HARD,15.0,True
49.0,RUS,82.036,27.174,27.825,27.037,HARD,16.0,True
50.0,RUS,82.156,27.183,27.96,27.013,HARD,17.0,False
51.0,RUS,82.311,27.068,28.135,27.108,HARD,18.0,False
52.0,RUS,82.447,27.124,28.147,27.176,HARD,19.0,False
53.0,RUS,82.7,27.16,27.971,27.569,HARD,20.0,False
1.0,SAI,89.345,,30.635,28.727,MEDIUM,1.0,False
2.0,SAI,85.731,27.553,29.775,28.403,MEDIUM,2.0,True
3.0,SAI,85.358,27.447,29.503,28.408,MEDIUM,3.0,True
4.0,SAI,85.086,27.435,29.253,28.398,MEDIUM,4.0,True
5.0,SAI,85.006,27.585,29.072,28.349,MEDIUM,5.0,True
6.0,SAI,84.642,27.639,28.71,28.293,MEDIUM,6.0,True
7.0,SAI,84.715,27.527,28.975,28.213,MEDIUM,7.0,False
8.0,SAI,84.87,27.744,29.012,28.114,MEDIUM,8.0,False
9.0,SAI,84.774,27.599,29.015,28.16,MEDIUM,9.0,False
10.0,SAI,84.684,27.579,28.921,28.184,MEDIUM,10.0,False
11.0,SAI,85.066,27.742,29.103,28.221,MEDIUM,11.0,False
12.0,SAI,85.276,27.71,29.12,28.446,MEDIUM,12.0,False
13.0,SAI,85.423,27.761,29.316,28.346,MEDIUM,13.0,False
14.0,SAI,85.234,27.701,29.287,28.246,MEDIUM,14.0,False
15.0,SAI,85.183,27.687,29.253,28.243,MEDIUM,15.0,False
16.0,SAI,85.341,27.795,29.207,28.339,MEDIUM,16.0,False
17.0,SAI,85.407,27.875,29.18,28.352,MEDIUM,17.0,False
18.0,SAI,85.678,27.905,29.429,28.344,MEDIUM,18.0,False
19.0,SAI,90.388,27.86,29.474,33.054,MEDIUM,19.0,False
20.0,SAI,104.811,47.849,28.944,28.018,HARD,1.0,False
21.0,SAI,84.499,27.591,28.881,28.027,HARD,2.0,True
22.0,SAI,84.226,27.522,28.707,27.997,HARD,3.0,True
23.0,SAI,84.557,27.698,28.832,28.027,HARD,4.0,False
24.0,SAI,83.682,27.446,28.511,27.725,HARD,5.0,True
25.0,SAI,83.687,27.456,28.496,27.735,HARD,6.0,False
26.0,SAI,83.503,27.444,28.413,27.646,HARD,7.0,True
27.0,SAI,83.503,27.38,28.369,27.754,HARD,8.0,False
28.0,SAI,83.751,27.703,28.359,27.689,HARD,9.0,False
29.0,SAI,83.473,27.461,28.403,27.609,HARD,10.0,True
30.0,SAI,83.584,27.531,28.429,27.624,HARD,11.0,False
31.0,SAI,83.33,27.467,28.318,27.545,HARD,12.0,True
32.0,SAI,83.354,27.424,28.294,27.636,HARD,13.0,False
33.0,SAI,83.412,27.456,28.435,27.521,HARD,14.0,False
34.0,SAI,83.285,27.366,28.416,27.503,HARD,15.0,True
35.0,SAI,83.334,27.454,28.336,27.544,HARD,16.0,False
36.0,SAI,83.27,27.389,28.356,27.525,HARD,17.0,True
37.0,SAI,83.29,27.33,28.356,27.604,HARD,18.0,False
38.0,SAI,83.551,27.486,28.387,27.678,HARD,19.0,False
39.0,SAI,83.809,27.364,28.721,27.724,HARD,20.0,False
40.0,SAI,83.803,27.515,28.698,27.59,HARD,21.0,False
41.0,SAI,83.337,27.296,28.516,27.525,HARD,22.0,False
42.0,SAI,83.838,27.422,28.658,27.758,HARD,23.0,False
43.0,SAI,83.793,27.466,28.479,27.848,HARD,24.0,False
44.0,SAI,83.931,27.399,28.778,27.754,HARD,25.0,False
45.0,SAI,85.113,27.551,28.996,28.566,HARD,26.0,False
46.0,SAI,84.001,27.461,28.804,27.736,HARD,27.0,False
47.0,SAI,84.09,27.456,28.735,27.899,HARD,28.0,False
48.0,SAI,84.939,27.972,28.998,27.969,HARD,29.0,False
49.0,SAI,83.921,27.499,28.614,27.808,HARD,30.0,False
50.0,SAI,83.769,27.459,28.604,27.706,HARD,31.0,False
51.0,SAI,83.754,27.502,28.499,27.753,HARD,32.0,False
52.0,SAI,83.722,27.565,28.536,27.621,HARD,33.0,False
53.0,SAI,83.219,27.463,28.237,27.519,HARD,34.0,True
1.0,STR,95.81,,32.459,30.584,HARD,2.0,False
2.0,STR,88.342,28.654,30.65,29.038,HARD,3.0,True
3.0,STR,86.734,27.671,30.279,28.784,HARD,4.0,True
4.0,STR,86.253,27.514,29.972,28.767,HARD,5.0,True
5.0,STR,87.234,27.636,30.549,29.049,HARD,6.0,False
6.0,STR,85.558,27.529,29.431,28.598,HARD,7.0,True
7.0,STR,86.208,28.114,29.553,28.541,HARD,8.0,False
8.0,STR,85.799,27.799,29.379,28.621,HARD,9.0,False
9.0,STR,86.024,27.777,29.585,28.662,HARD,10.0,False
10.0,STR,86.182,27.822,29.369,28.991,HARD,11.0,False
11.0,STR,85.675,27.691,29.398,28.586,HARD,12.0,False
12.0,STR,85.947,27.829,29.342,28.776,HARD,13.0,False
13.0,STR,86.143,27.742,29.697,28.704,HARD,14.0,False
14.0,STR,85.895,27.738,29.465,28.692,HARD,15.0,False
15.0,STR,86.986,28.009,29.927,29.05,HARD,16.0,False
16.0,STR,86.593,27.925,29.737,28.931,HARD,17.0,False
17.0,STR,86.584,27.839,29.852,28.893,HARD,18.0,False
18.0,STR,87.524,27.903,30.488,29.133,HARD,19.0,False
19.0,STR,91.321,27.867,29.83,33.624,HARD,20.0,False
20.0,STR,105.665,48.081,29.135,28.449,HARD,3.0,False
21.0,STR,84.721,27.443,29.024,28.254,HARD,4.0,True
22.0,STR,84.721,27.515,29.053,28.153,HARD,5.0,False
23.0,STR,84.659,27.408,29.088,28.163,HARD,6.0,True
24.0,STR,84.768,27.482,29.036,28.25,HARD,7.0,False
25.0,STR,84.743,27.401,29.097,28.245,HARD,8.0,False
26.0,STR,84.491,27.491,28.9,28.1,HARD,9.0,True
27.0,STR,84.437,27.388,28.802,28.247,HARD,10.0,True
28.0,STR,84.618,27.371,28.965,28.282,HARD,11.0,False
29.0,STR,85.397,27.362,29.444,28.591,HARD,12.0,False
30.0,STR,86.377,27.631,29.905,28.841,HARD,13.0,False
31.0,STR,84.749,27.379,29.025,28.345,HARD,14.0,False
32.0,STR,85.576,27.675,29.483,28.418,HARD,15.0,False
33.0,STR,84.947,27.546,29.102,28.299,HARD,16.0,False
34.0,STR,84.856,27.349,29.1,28.407,HARD,17.0,False
35.0,STR,84.863,27.402,29.095,28.366,HARD,18.0,False
36.0,STR,89.334,27.44,29.135,32.759,HARD,19.0,False
37.0,STR,103.775,46.949,28.823,28.003,MEDIUM,2.0,False
38.0,STR,83.617,26.947,28.796,27.874,MEDIUM,3.0,True
39.0,STR,84.43,27.336,28.607,28.487,MEDIUM,4.0,False
40.0,STR,85.777,28.301,28.853,28.623,MEDIUM,5.0,False
41.0,STR,83.702,26.975,28.741,27.986,MEDIUM,6.0,False
42.0,STR,83.823,27.461,28.549,27.813,MEDIUM,7.0,False
43.0,STR,83.81,27.534,28.496,27.78,MEDIUM,8.0,False
44.0,STR,83.654,27.358,28.411,27.885,MEDIUM,9.0,False
45.0,STR,83.427,27.348,28.321,27.758,MEDIUM,10.0,True
46.0,STR,83.906,27.371,28.627,27.908,MEDIUM,11.0,False
47.0,STR,84.014,27.349,28.673,27.992,MEDIUM,12.0,False
48.0,STR,86.104,27.419,29.351,29.334,MEDIUM,13.0,False
49.0,STR,85.064,27.468,29.129,28.467,MEDIUM,14.0,False
50.0,STR,90.186,27.901,29.194,33.091,MEDIUM,15.0,False
51.0,STR,110.98,49.959,32.44,28.581,SOFT,1.0,False
52.0,STR,82.232,26.932,27.914,27.386,SOFT,2.0,True
1.0,TSU,95.235,,32.335,30.339,HARD,2.0,False
2.0,TSU,87.538,28.414,30.094,29.03,HARD,3.0,True
3.0,TSU,86.665,27.756,29.819,29.09,HARD,4.0,True
4.0,TSU,86.198,27.631,29.689,28.878,HARD,5.0,True
5.0,TSU,92.241,28.736,32.722,30.783,HARD,6.0,False
6.0,TSU,88.473,28.426,30.441,29.606,HARD,7.0,False
7.0,TSU,100.319,28.469,30.634,41.216,HARD,8.0,False
1.0,VER,90.354,,31.144,28.856,HARD,1.0,False
2.0,VER,86.17,28.048,29.474,28.648,HARD,2.0,True
3.0,VER,85.855,27.731,29.496,28.628,HARD,3.0,True
4.0,VER,85.633,27.884,29.335,28.414,HARD,4.0,True
5.0,VER,85.218,27.721,29.22,28.277,HARD,5.0,True
6.0,VER,85.096,27.832,29.054,28.21,HARD,6.0,True
7.0,VER,85.042,27.771,28.994,28.277,HARD,7.0,True
8.0,VER,84.918,27.712,29.036,28.17,HARD,8.0,True
9.0,VER,85.05,27.909,28.956,28.185,HARD,9.0,False
10.0,VER,84.964,27.82,29.008,28.136,HARD,10.0,False
11.0,VER,84.978,27.799,28.99,28.189,HARD,11.0,False
12.0,VER,84.968,27.821,28.994,28.153,HARD,12.0,False
13.0,VER,84.957,27.806,28.95,28.201,HARD,13.0,False
14.0,VER,85.287,27.749,29.246,28.292,HARD,14.0,False
15.0,VER,85.746,27.726,29.288,28.732,HARD,15.0,False
16.0,VER,85.244,27.735,29.177,28.332,HARD,16.0,False
17.0,VER,85.34,27.864,29.212,28.264,HARD,17.0,False
18.0,VER,85.469,27.813,29.236,28.42,HARD,18.0,False
19.0,VER,85.537,27.81,29.369,28.358,HARD,19.0,False
20.0,VER,85.559,27.938,29.183,28.438,HARD,20.0,False
21.0,VER,85.381,27.905,29.1,28.376,HARD,21.0,False
22.0,VER,89.668,28.025,29.184,32.459,HARD,22.0,False
23.0,VER,107.839,51.273,28.653,27.913,HARD,1.0,False
24.0,VER,83.545,27.251,28.532,27.762,HARD,2.0,True
25.0,VER,83.801,27.63,28.498,27.673,HARD,3.0,False
26.0,VER,83.618,27.535,28.475,27.608,HARD,4.0,False
27.0,VER,83.524,27.544,28.388,27.592,HARD,5.0,True
28.0,VER,83.509,27.624,28.316,27.569,HARD,6.0,True
29.0,VER,83.452,27.534,28.472,27.446,HARD,7.0,True
30.0,VER,83.542,27.549,28.392,27.601,HARD,8.0,False
31.0,VER,83.424,27.494,28.388,27.542,HARD,9.0,True
32.0,VER,83.49,27.48,28.364,27.646,HARD,10.0,False
33.0,VER,83.621,27.49,28.59,27.541,HARD,11.0,False
34.0,VER,83.576,27.573,28.473,27.53,HARD,12.0,False
35.0,VER,83.589,27.47,28.491,27.628,HARD,13.0,False
36.0,VER,83.559,27.442,28.466,27.651,HARD,14.0,False
37.0,VER,83.485,27.43,28.508,27.547,HARD,15.0,False
38.0,VER,83.427,27.5,28.381,27.546,HARD,16.0,False
39.0,VER,83.501,27.433,28.441,27.627,HARD,17.0,False
40.0,VER,84.337,27.654,28.924,27.759,HARD,18.0,False
41.0,VER,88.738,27.581,28.766,32.391,HARD,19.0,False
42.0,VER,104.09,47.115,29.109,27.866,MEDIUM,1.0,False
43.0,VER,81.745,26.877,27.614,27.254,MEDIUM,2.0,True
44.0,VER,83.045,27.541,28.129,27.375,MEDIUM,3.0,False
45.0,VER,83.363,27.387,28.389,27.587,MEDIUM,4.0,False
46.0,VER,82.941,27.42,28.126,27.395,MEDIUM,5.0,False
47.0,VER,82.52,27.372,27.933,27.215,MEDIUM,6.0,False
48.0,VER,82.57,27.332,28.011,27.227,MEDIUM,7.0,False
49.0,VER,82.584,27.341,27.98,27.263,MEDIUM,8.0,False
50.0,VER,82.585,27.313,28.095,27.177,MEDIUM,9.0,False
51.0,VER,82.574,27.291,28.043,27.24,MEDIUM,10.0,False
52.0,VER,82.92,27.286,28.412,27.222,MEDIUM,11.0,False
53.0,VER,83.711,27.394,28.522,27.795,MEDIUM,12.0,False
1.0,ZHO,96.732,,32.786,30.474,MEDIUM,2.0,False
2.0,ZHO,88.721,28.437,30.907,29.377,MEDIUM,3.0,True
3.0,ZHO,86.997,27.856,30.169,28.972,MEDIUM,4.0,True
4.0,ZHO,86.226,27.734,29.687,28.805,MEDIUM,5.0,True
5.0,ZHO,89.256,27.948,30.958,30.35,MEDIUM,6.0,False
6.0,ZHO,85.942,27.648,29.667,28.627,MEDIUM,7.0,True
7.0,ZHO,86.381,27.955,29.622,28.804,MEDIUM,8.0,False
8.0,ZHO,86.411,27.845,29.699,28.867,MEDIUM,9.0,False
9.0,ZHO,86.315,27.98,29.607,28.728,MEDIUM,10.0,False
10.0,ZHO,86.128,27.822,29.566,28.74,MEDIUM,11.0,False
11.0,ZHO,86.488,28.011,29.651,28.826,MEDIUM,12.0,False
12.0,ZHO,86.348,27.957,29.526,28.865,MEDIUM,13.0,False
13.0,ZHO,86.802,27.971,29.784,29.047,MEDIUM,14.0,False
14.0,ZHO,87.092,28.089,29.923,29.08,MEDIUM,15.0,False
15.0,ZHO,92.048,28.121,30.159,33.768,MEDIUM,16.0,False
16.0,ZHO,109.128,51.275,29.328,28.525,HARD,2.0,False
17.0,ZHO,85.092,27.696,29.104,28.292,HARD,3.0,True
18.0,ZHO,85.245,27.567,29.322,28.356,HARD,4.0,False
19.0,ZHO,85.777,27.812,29.365,28.6,HARD,5.0,False
20.0,ZHO,85.588,27.673,29.408,28.507,HARD,6.0,False
21.0,ZHO,85.743,27.658,29.532,28.553,HARD,7.0,False
22.0,ZHO,85.876,27.859,29.584,28.433,HARD,8.0,False
23.0,ZHO,86.061,27.791,29.681,28.589,HARD,9.0,False
24.0,ZHO,86.041,28.004,29.474,28.563,HARD,10.0,False
25.0,ZHO,85.583,27.703,29.387,28.493,HARD,11.0,False
26.0,ZHO,85.549,27.868,29.236,28.445,HARD,12.0,False
27.0,ZHO,85.603,27.803,29.335,28.465,HARD,13.0,False
28.0,ZHO,85.699,27.843,29.385,28.471,HARD,14.0,False
29.0,ZHO,85.515,27.798,29.355,28.362,HARD,15.0,False
30.0,ZHO,85.491,27.793,29.374,28.324,HARD,16.0,False
31.0,ZHO,85.478,27.73,29.327,28.421,HARD,17.0,False
32.0,ZHO,85.356,27.789,29.265,28.302,HARD,18.0,False
33.0,ZHO,85.451,27.762,29.332,28.357,HARD,19.0,False
34.0,ZHO,85.487,27.676,29.261,28.55,HARD,20.0,False
35.0,ZHO,85.52,27.707,29.299,28.514,HARD,21.0,False
36.0,ZHO,86.606,28.604,29.492,28.51,HARD,22.0,False
37.0,ZHO,85.205,27.585,29.165,28.455,HARD,23.0,False
38.0,ZHO,86.652,27.851,29.989,28.812,HARD,24.0,False
39.0,ZHO,85.584,27.686,29.407,28.491,HARD,25.0,False
40.0,ZHO,85.82,27.848,29.35,28.622,HARD,26.0,False
41.0,ZHO,86.437,28.066,29.641,28.73,HARD,27.0,False
42.0,ZHO,87.64,28.194,29.965,29.481,HARD,28.0,False
43.0,ZHO,86.916,28.549,29.732,28.635,HARD,29.0,False
44.0,ZHO,86.918,28.627,29.773,28.518,HARD,30.0,False
45.0,ZHO,85.632,27.696,29.417,28.519,HARD,31.0,False
46.0,ZHO,85.857,27.802,29.456,28.599,HARD,32.0,False
47.0,ZHO,87.442,27.812,30.016,29.614,HARD,33.0,False
48.0,ZHO,85.84,27.662,29.428,28.75,HARD,34.0,False
49.0,ZHO,86.298,28.173,29.563,28.562,HARD,35.0,False
50.0,ZHO,85.539,27.803,29.412,28.324,HARD,36.0,False
51.0,ZHO,85.946,27.857,29.469,28.62,HARD,37.0,False
52.0,ZHO,87.28,27.669,29.864,29.747,HARD,38.0,False
