time_s,distance_m,x_m,y_m,speed_kmh,throttle,brake,gear
0.0,0.015094101295025586,-1792.6846253241795,1157.845198004821,257.3333333333333,99.0,False,6
0.065,4.713387251061381,-1765.0,1196.0,258.4166656,99.0,False,6
0.22,15.97222222222222,-1699.1300652444352,1286.2028884805968,261.0,99.0,False,6
0.285,20.716814239068867,-1671.0,1324.0,261.8124992,99.0,False,6
0.46,33.57222222222222,-1592.7418546442036,1425.9992323387241,264.0,99.0,False,7
0.505,36.90246708409473,-1572.0,1452.0,264.74999893333336,99.0,False,7
0.7,51.43888888888888,-1479.8046589676946,1563.544368289252,268.0,99.0,False,7
0.725,53.31184568836878,-1468.0,1578.0,268.3124992,99.0,False,7
0.94,69.50555555555555,-1368.2656848075158,1704.9962960202606,271.0,99.0,False,7
0.945,69.88421043719265,-1366.0,1708.0,271.0624992,99.0,False,7
1.165,86.62721678795862,-1268.0,1842.0,273.8124992,99.0,False,7
1.18,87.77222222222221,-1261.2770478948946,1851.2239807784815,274.0,99.0,False,7
1.385,103.4698871735753,-1168.0,1978.0,275.7083328,99.0,False,7
1.42,106.17222222222222,-1151.835864756628,1999.7180979722389,276.0,99.0,False,7
1.605,120.59032843631027,-1066.0,2115.0,279.3035702857143,99.0,False,7
1.7,128.02777777777777,-1022.6094238773783,2174.814775576783,281.0,99.0,False,7
1.825,137.8122915888881,-966.0,2254.0,281.6218904268706,99.0,False,7
1.901,143.77277777777778,-931.5674135122083,2302.265153497716,282.0,99.0,False,7
2.045,155.10852535246727,-866.0,2394.0,283.2,99.0,False,7
2.141,162.7061111111111,-821.7300848783555,2455.4085506101746,284.0,99.0,False,7
2.265,172.57598524191158,-764.0,2535.0,285.55,99.0,False,7
2.381,181.83944444444444,-709.6068715108403,2609.697493376609,287.0,99.0,False,7
2.485,190.14863103358522,-661.0,2677.0,287.37142857142857,99.0,False,7
2.661,204.23944444444447,-580.0070967339234,2791.9518280431676,288.0,99.0,False,7
2.705,207.77361474874434,-560.0,2821.0,288.3666666666667,99.0,False,7
2.901,223.5727777777778,-471.7932915190996,2951.9054553333544,290.0,99.0,False,7
2.925,225.51338707792902,-461.0,2968.0,290.2,99.0,False,7
3.141,243.03944444444448,-363.7881653978828,3113.289293216878,292.0,99.0,False,7
3.145,243.3650980358774,-362.0,3116.0,292.03333333333336,99.0,False,7
3.365,261.3302927826072,-264.0,3266.0,293.8666666666667,99.0,False,7
3.381,262.63944444444445,-256.7881594061775,3276.887579856395,294.0,99.0,False,7
3.585,279.35262887216544,-163.0,3415.0,294.85,99.0,False,7
3.621,282.30611111111114,-146.00095170853785,3439.2515798315717,295.0,99.0,False,7
3.804,297.34201435608753,-58.0,3562.0,295.765690439313,99.0,False,7
3.86,301.95722222222224,-30.948468900514335,3599.391517565816,296.0,99.0,False,7
4.024,315.520223808328,49.0,3708.0,297.3666666666667,99.0,False,7
4.1,321.82388888888886,86.97901475950998,3757.487912330321,298.0,99.0,False,7
4.225,332.2123049997523,151.0,3838.0,298.5208330666667,99.0,False,7
4.34,341.7572222222222,211.89871760083642,3911.6574251729885,299.0,99.0,False,7
4.445,350.4346273793635,274.0,3983.0,298.25000045714285,99.0,False,7
4.62,364.8572222222222,397.20430410377,4114.755272735789,297.0,99.0,False,7
4.665,368.569272693208,428.0,4145.0,297.0,99.0,False,7
4.86,384.65722222222223,549.1919475522063,4248.07956502929,297.0,99.0,False,7
4.885,386.7164772139198,565.0,4260.0,296.8958336,99.0,False,7
5.1,404.3905555555555,710.4698237813553,4357.005659998673,296.0,99.0,False,7
5.105,404.8009466937597,714.0,4359.0,295.9791669333333,99.0,False,7
5.325,422.83026950649014,877.0,4433.0,295.0625002666667,99.0,False,7
5.34,424.0572222222222,889.0026134616069,4437.240263007855,295.0,99.0,False,7
5.545,440.79972816775427,1060.0,4485.0,294.1458336,99.0,False,7
5.58,443.65722222222223,1088.063715092668,4490.918225951403,294.0,99.0,False,7
5.765,458.7654529033081,1232.0,4512.0,294.0,99.0,False,7
5.82,463.25722222222225,1276.51648530912,4515.701498495185,294.0,99.0,False,7
5.985,476.7309666459651,1414.0,4521.0,294.0,99.0,False,7
6.1,486.12388888888887,1508.9696189314936,4520.8255223389315,294.0,99.0,False,7
6.205,494.7034492516335,1595.0,4518.0,294.0,99.0,False,7
6.34,505.7238888888889,1705.007495298481,4510.645567736836,294.0,99.0,False,7
6.425,512.6458090568049,1774.0,4504.0,293.6458336,99.0,False,7
6.58,525.2572222222223,1899.4135854259962,4488.243777803081,293.0,99.0,False,7
6.645,530.554806862662,1952.0,4481.0,293.2708330666667,99.0,False,7
6.82,544.8572222222223,2093.6987653427186,4461.4270761136,294.0,99.0,False,7
6.865,548.5487148676118,2130.0,4457.0,294.3749994666667,99.0,False,7
7.06,564.5905555555555,2286.752587098068,4442.324488452344,296.0,99.0,False,7
7.085,566.6477233233935,2307.0,4441.0,296.0,99.0,False,7
7.3,584.3238888888889,2482.9058874274137,4435.931770873914,296.0,99.0,False,7
7.305,584.7342231210633,2487.0,4436.0,295.9791669333333,99.0,False,7
7.525,602.7614264786582,2665.0,4447.0,295.0625002666667,99.0,False,7
7.54,603.9905555555555,2676.749331710484,4448.093191155295,295.0,99.0,False,7
7.745,620.7928535672562,2833.0,4469.0,295.0,99.0,False,7
7.78,623.6572222222221,2859.623912306686,4474.775219057529,295.0,99.0,False,7
7.965,638.7673570984412,3001.0,4516.0,294.2291669333333,99.0,False,7
8.02,643.257222222222,3043.0456202559753,4530.618123984033,294.0,99.0,False,7
8.185,656.7316115895512,3168.0,4581.0,294.0,99.0,False,7
8.26,662.857222222222,3223.2413782448048,4607.753992680578,294.0,99.0,False,7
8.405,674.6996631334922,3327.0,4666.0,294.0,99.0,False,7
8.461,679.2722222222221,3365.9663769395693,4690.554941264415,294.0,99.0,False,7
8.625,692.6599053239731,3477.0,4768.0,294.0,99.0,False,7
8.701,698.8722222222221,3527.315195258072,4805.785550923503,294.0,99.0,False,7
8.845,710.6677442555233,3620.0,4881.0,294.6,99.0,False,7
8.941,718.5388888888888,3679.0154413582504,4934.358963846457,295.0,99.0,False,7
9.065,728.7053695878873,3753.0,5006.0,295.0,99.0,False,7
9.181,738.2055555555553,3821.3121076179737,5074.364233732369,295.0,99.0,False,7
9.285,746.7067322911728,3882.0,5136.0,295.0,99.0,False,7
9.421,757.8722222222219,3960.8318430326635,5216.107232149875,295.0,99.0,False,7
9.505,764.8466996669815,4010.0,5265.0,295.0,64.35,False,7
9.661,777.5388888888886,4102.954491296394,5353.97712927282,295.0,0.0,True,7
9.725,782.4106128178825,4140.0,5389.0,285.93333333333334,0.0,True,7
9.901,794.9388888888885,4235.914473721143,5479.190584435359,261.0,0.0,True,7
9.945,797.9431609322628,4259.0,5500.0,256.6,0.0,True,7
10.141,810.7388888888886,4358.366012928971,5584.269549112292,237.0,0.0,True,7
10.165,812.2368593530755,4370.0,5594.0,234.6,0.0,True,7
10.381,824.9388888888886,4468.70685300613,5676.926226122558,213.0,0.0,True,7
10.384,825.1031007590095,4470.0,5678.0,212.62342302971098,0.0,True,7
10.604,836.3110944788416,4560.0,5751.0,185.00836766303127,0.0,True,7
10.62,837.0880555555552,4566.343526601454,5755.991842238003,183.0,0.0,True,6
10.805,845.7914739834423,4638.0,5810.0,170.66667093333334,0.0,True,6
10.86,848.2213888888886,4658.368940184049,5823.8970807201495,167.0,0.0,True,4
11.025,855.0073367688888,4718.0,5859.0,152.5625056,0.0,True,4
11.1,857.9547222222219,4745.562529453592,5871.694755460909,146.0,0.0,True,3
11.245,863.5313112315914,4798.0,5890.0,139.958336,0.0,True,3
11.34,867.0213888888886,4829.614984101866,5897.027392636821,136.0,0.0,True,3
11.465,871.3490220806005,4870.0,5902.0,128.70833706666667,0.0,True,3
11.58,875.154722222222,4908.764407110453,5904.491293698946,122.0,0.0,True,3
11.685,878.5519147054972,4944.0,5904.0,119.00000182857143,0.0,True,3
11.86,884.0213888888886,4999.407081118662,5895.8213765632,114.0,0.0,True,3
11.905,885.3808990476635,5013.0,5893.0,112.50000213333334,0.0,True,3
12.1,891.0880555555553,5069.057571666107,5878.477483988573,106.0,0.0,True,3
12.125,891.8066569687202,5076.0,5876.0,105.5833344,0.0,True,3
12.34,897.8880555555553,5132.796138830683,5848.689291889248,102.0,0.0,False,3
12.345,898.0275991532201,5134.0,5848.0,101.9375008,0.0,False,3
12.565,904.0820682595653,5182.0,5816.0,99.1875008,0.0,False,3
12.58,904.4880555555553,5185.144414035886,5813.572299898953,99.0,0.0,False,3
12.785,909.9591683163992,5227.0,5777.0,96.4375008,13.6666624,False,3
12.82,910.8880555555553,5233.644200426563,5770.30668821675,96.0,16.0,False,3
13.005,915.8061010929935,5266.0,5733.0,96.0,24.479163733333333,False,3
13.06,917.2880555555553,5274.813770896421,5721.253666059451,96.0,27.0,False,3
13.225,921.8116600098557,5299.0,5684.0,98.0624992,35.2499968,False,3
13.3,923.8880555555553,5308.792395418218,5665.896225227275,99.0,39.0,False,3
13.445,927.9201364499345,5326.0,5629.0,100.2083328,43.2291648,False,3
13.54,930.6213888888885,5336.509079651987,5603.711777679257,101.0,46.0,False,3
13.665,934.288731115954,5349.0,5569.0,104.1249984,50.6874976,False,3
13.78,937.7547222222219,5358.585762609578,5535.483550866088,107.0,55.0,False,3
13.885,940.9797490418023,5366.0,5504.0,109.18749866666667,58.9374976,False,3
14.02,945.2213888888886,5373.98810719711,5462.8267328464935,112.0,64.0,False,3
14.105,947.9543876228472,5378.0,5436.0,114.1249984,65.0624992,False,3
14.26,953.0880555555552,5383.211639925292,5384.73440153263,118.0,67.0,False,3
14.325,955.3132755147502,5385.0,5363.0,120.08928365714286,68.16071314285715,False,3
14.54,962.965833333333,5390.834959021185,5289.834780648393,127.0,72.0,False,3
14.545,963.1486245938921,5391.0,5288.0,127.14583146666666,70.83334826666666,False,3
14.765,971.340560656933,5400.0,5202.0,133.56249813333332,19.500014933333333,False,3
14.78,971.8991666666664,5400.70478580573,5196.214861831514,134.0,16.0,True,3
14.981,979.2691666666664,5411.726642297876,5122.390876441834,132.0,0.0,True,3
14.985,979.4114376973828,5412.0,5121.0,131.86666666666667,0.0,True,3
15.205,986.9891795178856,5431.0,5049.0,124.53333333333333,0.0,True,3
15.221,987.535833333333,5432.703316545172,5044.0403345337845,124.0,0.0,True,3
15.425,994.4511725359539,5458.0,4984.0,121.45,0.0,True,3
15.461,995.6024999999997,5463.021412523372,4974.124944350271,121.0,0.0,True,3
15.645,1001.0624199430941,5491.0,4927.0,109.5,0.0,True,3
15.701,1002.6691666666665,5500.222613457808,4913.64803174368,106.0,0.0,True,2
15.865,1007.3512420642141,5529.0,4877.0,103.26666666666667,0.0,True,2
15.941,1009.4691666666664,5543.1446619188755,4861.1374610934745,102.0,0.0,True,2
16.085,1013.3495855384558,5571.0,4833.0,98.4,0.0,True,2
16.181,1015.8691666666664,5589.968675609147,4815.633783293186,96.0,0.0,True,2
16.305,1019.0691672322198,5615.0,4795.0,93.93333333333334,0.0,True,2
16.421,1022.0024999999997,5639.062316777726,4777.721349582966,92.0,0.0,False,2
16.525,1024.5793176208008,5661.0,4764.0,90.26666666666667,0.0,False,2
16.661,1027.8691666666664,5689.988115236524,4748.728618316803,88.0,0.0,False,2
16.745,1029.8530135686963,5708.0,4741.0,86.6,0.0,False,2
16.901,1033.4691666666663,5741.545354286931,4730.469767353487,84.0,0.0,False,2
16.964,1034.9207206982796,5755.0,4728.0,83.47499946666667,0.0,False,2
17.141,1038.935833333333,5792.199637492129,4727.077194791089,82.0,0.0,False,2
17.184,1039.8823393496566,5801.0,4728.0,81.28033384961772,2.878664601529144,False,2
17.38,1044.1141666666663,5840.008106777144,4737.623426821704,78.0,16.0,False,2
17.385,1044.2230960503334,5841.0,4738.0,78.04166613333334,16.1874976,False,2
17.605,1049.1070048989336,5885.0,4761.0,79.87499946666667,24.4374976,False,2
17.62,1049.4474999999998,5888.031735969311,4762.970274334045,80.0,25.0,False,2
17.825,1054.201120987733,5929.0,4794.0,82.92857051428571,33.05356891428571,False,2
17.9,1055.980833333333,5942.866789006034,4806.543934368481,84.0,36.0,False,2
18.045,1059.4793479560917,5968.0,4832.0,86.4166656,41.4374976,False,2
18.14,1061.8474999999999,5983.714670812911,4849.200616718754,88.0,45.0,False,2
18.265,1065.0857717085592,6004.0,4873.0,91.64583146666666,50.20833066666667,False,2
18.38,1068.180833333333,6022.877025151382,4896.77405486854,95.0,55.0,False,2
18.485,1071.0983895534985,6040.0,4920.0,98.06249813333334,57.18749866666667,False,2
18.62,1074.980833333333,6061.48893181711,4951.904162303755,102.0,60.0,False,2
18.705,1077.503082408371,6075.0,4973.0,104.4791648,61.4166656,False,2
18.86,1082.2474999999997,6099.8976174208065,5013.269358085507,109.0,64.0,False,2
18.925,1084.2872755806793,6110.0,5031.0,110.89583146666666,66.16666453333333,False,2
19.1,1089.980833333333,6135.586841947601,5081.443030423357,116.0,72.0,False,2
19.145,1091.514530866897,6142.0,5095.0,118.2499968,72.0,False,2
19.34,1098.5141666666664,6169.517042094443,5156.644722015716,128.0,72.0,False,2
19.365,1099.4552988956061,6173.0,5165.0,129.3541632,73.2499968,False,2
19.58,1107.9141666666662,6202.337992016493,5241.161385939631,141.0,84.0,False,3
19.585,1108.1166360192992,6203.0,5243.0,141.1874976,84.0624992,False,3
19.805,1117.269665867108,6231.0,5327.0,149.4374976,86.8124992,False,3
19.82,1117.9141666666662,6232.819302149822,5333.038191905697,150.0,87.0,False,3
20.025,1127.0232069227095,6257.0,5420.0,159.3958304,97.2499968,False,3
20.06,1128.6474999999996,6261.199124879484,5435.653241645048,161.0,99.0,False,3
20.245,1137.5813464504738,6283.0,5520.0,171.79166293333333,99.0,False,3
20.3,1140.3141666666663,6288.688684259278,5544.175529124168,175.0,99.0,False,4
20.465,1148.6730194737393,6305.0,5627.0,181.1874976,99.0,False,4
20.54,1152.580833333333,6313.644446610546,5681.726640089681,184.0,99.0,False,4
20.685,1160.3583236462266,6329.0,5797.0,190.6458304,99.0,False,4
20.78,1165.580833333333,6333.782287460477,5853.315671278375,195.0,99.0,False,4
20.905,1172.5773453263885,6335.0,5916.0,199.16666453333335,99.0,False,4
21.02,1179.1141666666663,6333.0490559025175,5979.393528366919,203.0,99.0,False,5
21.125,1185.1467527857235,6329.0,6040.0,205.6249984,99.0,False,5
21.26,1193.0474999999997,6320.95854058198,6118.834359755126,209.0,99.0,False,5
21.345,1198.1442695741493,6314.0,6169.0,212.1874976,99.0,False,5
21.5,1207.580833333333,6297.085970229972,6261.410719981744,218.0,99.0,False,5
21.565,1211.5345366677861,6288.0,6300.0,218.64676573827367,99.0,False,5
21.701,1219.8641666666663,6264.781739446925,6379.855759402391,220.0,99.0,False,5
21.785,1225.1240861735782,6248.0,6429.0,222.8,99.0,False,5
21.941,1235.064166666666,6212.424075858213,6520.484152467031,228.0,99.0,False,5
22.005,1239.1656355808948,6196.0,6558.0,229.06666666666666,99.0,False,5
22.181,1250.5308333333328,6145.051049153627,6660.718578663644,232.0,99.0,False,6
22.225,1253.401107368089,6131.0,6686.0,232.91666666666666,99.0,False,6
22.421,1266.3308333333327,6062.116179026216,6795.871858177131,237.0,99.0,False,6
22.445,1267.929581989524,6053.0,6809.0,237.5,99.0,False,6
22.661,1282.4641666666662,5964.726334341398,6923.924397437178,242.0,99.0,False,6
22.665,1282.735640228111,5963.0,6926.0,242.06666666666666,99.0,False,6
22.885,1297.7677666567745,5863.0,7037.0,245.73333333333332,99.0,False,6
22.901,1298.864166666666,5855.291400377196,7044.786815577036,246.0,99.0,False,6
23.105,1312.88947345433,5752.0,7141.0,247.7,99.0,False,6
23.141,1315.3974999999994,5732.978301249293,7157.609045414999,248.0,99.0,False,6
23.325,1328.4107983182093,5633.0,7241.0,253.36666666666667,99.0,False,6
23.381,1332.3974999999996,5602.106250837891,7265.813209721575,255.0,99.0,False,6
23.544,1344.0161424763467,5511.0,7337.0,256.35833386666667,99.0,False,6
23.621,1349.5308333333328,5467.164320892432,7370.552652989978,257.0,99.0,False,6
23.764,1359.8366137693981,5385.0,7433.0,258.7875008,99.0,False,6
23.861,1366.8641666666663,5329.428513395487,7475.646122703562,260.0,99.0,False,6
23.965,1374.4249527999489,5270.0,7522.0,261.1182793133696,99.0,False,6
24.14,1387.2466666666662,5170.391217504838,7602.193628682683,263.0,99.0,False,7
24.185,1390.5748760245297,5145.0,7623.0,263.93749866666667,99.0,False,7
24.38,1405.1133333333328,5034.814969001215,7714.581582129789,268.0,99.0,False,7
24.405,1406.9835293335914,5020.0,7727.0,268.2083328,99.0,False,7
24.62,1423.113333333333,4886.999524971144,7839.430357547037,270.0,99.0,False,7
24.625,1423.4895489768528,4884.0,7842.0,270.0416661333333,99.0,False,7
24.845,1440.1071121067,4759.0,7950.0,271.8749994666667,99.0,False,7
24.86,1441.2466666666662,4750.694819080748,7957.084910616924,272.0,99.0,False,7
25.065,1456.9016103711801,4637.0,8053.0,274.5624992,99.0,False,7
25.1,1459.5799999999997,4617.031597872557,8070.037335316045,275.0,99.0,False,7
25.285,1473.748391203724,4509.0,8163.0,275.7708330666667,99.0,False,7
25.34,1477.9799999999996,4476.742576138442,8190.547382745843,276.0,99.0,False,7
25.505,1490.750253450273,4380.0,8273.0,278.0624992,99.0,False,7
25.58,1496.5799999999995,4336.050721751582,8310.984987953345,279.0,99.0,False,7
25.725,1507.8818129079732,4251.0,8385.0,280.2083328,99.0,False,7
25.82,1515.313333333333,4195.076784862482,8433.400289203231,281.0,99.0,False,7
25.945,1525.1281959368837,4121.0,8497.0,282.0416661333333,99.0,False,7
26.06,1534.1799999999996,4052.050159138452,8555.506518689826,283.0,99.0,False,7
26.165,1542.4519190349702,3989.0,8609.0,283.4374997333333,99.0,False,7
26.3,1553.113333333333,3908.5307723605765,8678.006564411839,284.0,99.0,False,7
26.385,1559.8524521169836,3858.0,8722.0,284.7083328,99.0,False,7
26.54,1572.1799999999996,3765.8012120649587,8803.744670458982,286.0,99.0,False,7
26.605,1577.3562664682777,3727.0,8838.0,286.2708330666667,99.0,False,7
26.78,1591.313333333333,3622.008886803359,8929.3479800988,287.0,99.0,False,7
26.825,1594.9083726578913,3595.0,8953.0,287.1874997333333,99.0,False,7
27.02,1610.5133333333329,3478.0471269548057,9056.746205797088,288.0,99.0,False,7
27.045,1612.5164101854775,3463.0,9070.0,288.1041664,99.0,False,7
27.26,1629.7799999999997,3333.0229504207846,9183.340310911004,289.0,99.0,False,7
27.265,1630.1828945742948,3330.0,9186.0,289.0416661333333,99.0,False,7
27.485,1647.9665090731528,3197.0,9304.0,290.8749994666667,99.0,False,7
27.5,1649.1799999999996,3187.896909725445,9311.975042281472,291.0,99.0,False,7
27.705,1665.7542779975486,3063.0,9420.0,291.0,99.0,False,7
27.74,1668.5799999999995,3041.646934885324,9438.543592456746,291.0,99.0,False,7
27.925,1683.4900974368188,2929.0,9537.0,290.2291669333333,99.0,False,7
27.98,1687.913333333333,2895.7447596411457,9566.099684605648,290.0,99.0,False,7
28.145,1701.1594464445159,2796.0,9653.0,289.17910453464026,99.0,False,7
28.181,1704.0491666666662,2773.9929305372843,9671.970814952478,289.0,99.0,False,7
28.365,1718.8251875525436,2661.0,9769.0,289.0,99.0,False,7
28.421,1723.3158333333329,2627.130675130755,9798.506276535376,289.0,99.0,False,7
28.585,1736.4386725909699,2529.0,9885.0,288.31666666666666,99.0,False,7
28.661,1742.515833333333,2483.4050246557986,9925.279732085906,288.0,99.0,False,7
28.805,1754.0343542196763,2397.0,10002.0,288.0,99.0,False,7
28.901,1761.7158333333327,2339.760263886805,10053.465304061196,288.0,99.0,False,7
29.025,1771.6403257258953,2266.0,10120.0,288.0,99.0,False,7
29.141,1780.9158333333326,2196.827321551224,10181.890645484726,288.0,99.0,False,7
29.245,1789.2159205509115,2137.0,10235.0,287.62857142857143,99.0,False,7
29.421,1803.2380555555549,2043.2723869017364,10317.470554390813,287.0,99.0,False,7
29.465,1806.7416649008103,2019.0,10339.0,287.0,99.0,False,7
29.661,1822.3713888888883,1902.5435565456937,10443.179218820122,287.0,99.0,False,7
29.685,1824.2942070128502,1888.0,10456.0,287.0,89.1,False,7
29.901,1841.5047222222215,1757.4171473881556,10567.976103305447,287.0,0.0,True,7
29.905,1841.8154317311507,1755.0,10570.0,286.68333333333334,0.0,True,7
30.124,1858.1715350518946,1626.0,10675.0,269.3458282666667,0.0,True,7
30.141,1859.371388888888,1616.8537354682112,10682.102404523741,268.0,0.0,True,7
30.344,1872.924280671078,1513.0,10756.0,243.4708256,0.0,True,7
30.381,1875.3047222222215,1492.213906576845,10768.746996264148,239.0,0.0,True,7
30.545,1885.647138277469,1396.0,10822.0,229.43333333333334,0.0,True,7
30.621,1890.3047222222215,1355.8875646545607,10842.428871127071,225.0,0.0,True,6
30.765,1898.8717165827766,1284.0,10875.0,216.56485581526874,0.0,True,6
30.86,1904.312777777777,1233.2906531313988,10894.264282134263,211.0,0.0,True,5
30.985,1911.193856852389,1166.0,10916.0,202.66667093333334,0.0,True,5
31.1,1917.312777777777,1108.358506859778,10931.02406835415,195.0,0.0,True,5
31.205,1922.7747152004595,1056.0,10941.0,190.18750293333332,0.0,True,5
31.34,1929.5794444444437,984.9162311295177,10949.162040747844,184.0,0.0,True,4
31.425,1933.707903730588,941.0,10952.0,179.7500032,0.0,True,4
31.58,1941.0461111111103,866.5085242822493,10953.13583752637,172.0,0.0,True,4
31.645,1944.1196391615763,836.0,10952.0,171.1875008,0.0,True,4
31.82,1952.312777777777,754.1286482410474,10944.126414187376,169.0,0.0,False,4
31.865,1954.3671645150234,734.0,10941.0,167.50000213333334,0.0,False,4
32.06,1963.0461111111103,652.2802024619706,10922.129869139088,161.0,0.0,False,4
32.085,1964.1423236237022,642.0,10919.0,160.479168,0.0,False,4
32.3,1973.4461111111102,554.0016480889369,10884.947645636385,156.0,0.0,False,4
32.305,1973.6602197522648,552.0,10884.0,155.91666773333333,0.0,False,4
32.525,1982.9586901072362,469.0,10837.0,152.25000106666667,0.0,False,4
32.54,1983.5794444444437,464.04798714459935,10833.688864029666,152.0,0.0,False,4
32.745,1991.9002673159946,405.0,10786.0,146.8750016,21.35416,False,4
32.78,1993.312777777777,395.6111609019764,10776.4031874556,146.0,25.0,False,4
32.965,2000.8023783882893,348.0,10718.0,146.0,42.729160533333335,False,4
33.02,2003.0461111111103,334.5886050866634,10698.771579291702,146.0,48.0,False,4
33.185,2009.8421711085684,297.0,10637.0,148.0624992,56.2499968,False,4
33.26,2012.9794444444435,281.7066093329208,10607.47985770567,149.0,60.0,False,4
33.405,2019.1471751996967,255.0,10549.0,152.020832,68.4583296,False,4
33.5,2023.2461111111102,239.07701905755633,10510.798270555704,154.0,74.0,False,4
33.625,2028.6962009872514,221.0,10460.0,156.60416533333333,75.5624992,False,4
33.74,2033.8461111111103,208.52449269666562,10411.782440682608,159.0,77.0,False,4
33.845,2038.722903456312,200.0,10365.0,163.81249706666668,86.62499413333333,False,4
33.98,2045.1794444444433,192.24165285196545,10299.138560133537,170.0,99.0,False,4
34.065,2049.310485584776,189.0,10256.0,172.4791648,99.0,False,4
34.22,2056.9794444444433,185.90356443219616,10176.395779048064,177.0,99.0,False,4
34.285,2060.2511780064665,185.0,10143.0,177.8124992,72.1875264,False,4
34.46,2068.9794444444433,182.21346154145076,10054.072592302104,180.0,0.0,True,4
34.505,2071.1076558158197,181.0,10032.0,177.0124515883689,0.0,True,4
34.701,2079.958333333332,172.38590853204187,9940.759104924473,164.0,0.0,True,4
34.725,2081.035730921585,171.0,9930.0,163.5,0.0,True,4
34.941,2090.558333333332,154.42045177224253,9837.593657119922,159.0,0.0,True,4
34.945,2090.72509802059,154.0,9836.0,158.7,0.0,True,4
35.165,2099.3501070749558,124.0,9755.0,142.2,0.0,True,4
35.181,2099.9583333333317,121.39808462902381,9749.44335050597,141.0,0.0,True,3
35.385,2107.6227114807066,84.0,9682.0,135.9,0.0,True,3
35.421,2108.9583333333317,76.66678357284101,9670.895958690771,135.0,0.0,False,3
35.605,2115.6945769264034,36.0,9618.0,131.93333333333334,0.0,False,3
35.661,2117.6916666666652,22.647823187279904,9603.119046939732,131.0,0.0,False,3
35.825,2123.3702710235707,-19.0,9563.0,126.21666666666667,0.0,False,3
35.901,2125.958333333332,-39.56393138037998,9546.360872961259,124.0,0.0,False,3
36.045,2130.8315201049236,-80.0,9518.0,122.2,0.0,False,3
36.141,2134.0249999999987,-107.23031284272409,9501.09495186195,121.0,0.0,False,3
36.265,2138.0555396828695,-143.0,9482.0,118.41666666666667,0.0,False,3
36.381,2141.7583333333323,-177.48578687207583,9467.427692229621,116.0,0.0,False,3
36.485,2145.0444906415078,-209.0,9457.0,114.7,0.0,False,3
36.621,2149.2916666666656,-250.70953031488142,9447.033208391606,113.0,0.0,False,3
36.704,2151.8542701976785,-276.0,9443.0,111.9624992,0.0,False,3
36.861,2156.6249999999986,-322.9846223237404,9439.657099228238,110.0,0.0,False,3
36.924,2158.502540670414,-342.0,9440.0,108.94999893333333,0.0,False,3
37.101,2163.6916666666652,-395.99200558797105,9446.44481899532,106.0,0.0,False,3
37.125,2164.3910312357907,-403.0,9448.0,105.8,0.0,False,3
37.341,2170.6249999999986,-461.000311451964,9468.552648258354,104.0,0.0,False,3
37.345,2170.7386398715435,-462.0,9469.0,103.95,0.44999999999999996,False,3
37.565,2176.9089404341444,-514.0,9497.0,101.2,25.2,False,3
37.581,2177.358333333332,-517.694401869381,9499.436376680429,101.0,27.0,False,3
37.785,2183.13281044835,-564.0,9535.0,101.85355625678828,32.97489379751798,False,3
37.82,2184.1299999999987,-571.6026851237715,9541.561662140362,102.0,34.0,False,3
38.005,2189.442814780566,-610.0,9579.0,103.54166613333334,39.395831466666664,False,3
38.06,2191.063333333332,-620.9520698424708,9591.730866018228,104.0,41.0,False,3
38.225,2196.074644768439,-652.0,9633.0,108.1249984,47.87499733333333,False,3
38.3,2198.396666666665,-664.6852608171994,9651.745505380784,110.0,51.0,False,3
38.445,2202.9334702251313,-687.0,9689.0,112.4166656,55.8333312,False,3
38.54,2205.996666666665,-700.5274110422722,9715.665360269319,114.0,59.0,False,3
38.665,2210.1866191504323,-717.0,9753.0,118.16666453333333,63.16666453333333,False,3
38.78,2214.1299999999983,-730.767421415417,9788.867766352905,122.0,67.0,False,3
38.885,2217.749390652333,-742.0,9823.0,123.74999893333333,71.81249706666667,False,3
39.02,2222.5299999999984,-754.3446416283289,9869.023551469289,126.0,78.0,False,3
39.105,2225.6849342916776,-761.0,9900.0,130.2499968,80.8333312,False,3
39.26,2231.729999999998,-770.9695802627803,9961.15864539908,138.0,86.0,False,3
39.325,2234.3782095147126,-774.0,9987.0,141.52082986666667,87.89583146666666,False,3
39.5,2241.796666666665,-778.0884740716197,10055.331469131208,151.0,93.0,False,3
39.545,2243.754821592481,-778.0,10074.0,152.87499733333334,94.1249984,False,3
39.74,2252.5299999999984,-772.7946645046226,10161.150010527748,161.0,99.0,False,3
39.765,2253.7023827571256,-772.0,10172.0,162.4583296,99.0,False,3
39.98,2264.196666666665,-759.7344858087498,10273.598525276439,175.0,99.0,False,4
39.985,2264.4469938014167,-759.0,10277.0,175.1874976,99.0,False,4
40.205,2275.6844441252615,-710.0,10461.0,183.4374976,99.0,False,4
40.22,2276.463333333332,-707.1073439747348,10471.262893606547,184.0,99.0,False,4
40.425,2287.2896302697045,-676.0,10573.0,189.9791648,99.0,False,4
40.46,2289.1966666666654,-669.7062814488097,10589.980335749036,191.0,99.0,False,4
40.645,2299.593323312023,-630.0,10686.0,200.2499968,99.0,False,4
40.7,2302.7299999999987,-617.6519125241613,10714.79060723053,203.0,99.0,False,5
40.865,2312.192171004008,-579.0,10801.0,206.43749866666667,99.0,False,5
40.94,2316.596666666665,-559.7138499633895,10840.323272605021,208.0,99.0,False,5
41.085,2325.375839936904,-520.0,10917.0,214.6458304,99.0,False,5
41.18,2331.196666666665,-493.15765463031505,10968.098358489724,219.0,99.0,False,5
41.305,2338.837691623817,-457.0,11036.0,220.24378085374116,99.0,False,5
41.381,2343.5358333333315,-434.61109921954267,11077.375678109156,221.0,99.0,False,5
41.525,2352.634647864613,-391.0,11156.0,225.8,99.0,False,5
41.621,2358.8024999999984,-360.6685166698268,11208.635721451865,229.0,99.0,False,5
41.745,2366.853951834952,-320.0,11277.0,232.1,99.0,False,5
41.861,2374.469166666665,-280.4635925449264,11341.478614545413,235.0,99.0,False,6
41.965,2381.362542815493,-243.0,11399.0,237.16666666666666,99.0,False,6
42.101,2390.469166666665,-190.15349308416506,11472.89609971131,240.0,99.0,False,6
42.185,2396.1447373893257,-156.0,11518.0,241.75,99.0,False,6
42.341,2406.8024999999984,-90.50003742534578,11601.025359365865,245.0,99.0,False,6
42.405,2411.227179183027,-63.0,11635.0,246.6,99.0,False,6
42.581,2423.535833333332,14.628606472079078,11728.184287716796,251.0,99.0,False,6
42.625,2426.6384228687994,35.0,11751.0,251.73333333333332,99.0,False,6
42.821,2440.5358333333315,130.9715921568617,11849.908987786792,255.0,99.0,False,6
42.845,2442.2375285768576,143.0,11862.0,255.1,99.0,False,6
43.061,2457.602499999998,252.91714634119717,11971.019138388596,256.0,99.0,False,6
43.065,2457.8901501279506,255.0,11973.0,256.1,99.0,False,6
43.285,2473.8970983288878,373.0,12079.0,261.6,99.0,False,6
43.301,2475.069166666665,381.89037097077403,12086.531767118146,262.0,99.0,False,7
43.504,2489.9998089977535,498.0,12180.0,264.5375008,99.0,False,7
43.541,2492.7358333333314,519.5980575848448,12196.512841508777,265.0,99.0,False,7
43.705,2504.9227980653864,618.0,12268.0,267.05,99.0,False,7
43.781,2510.602499999998,666.4958814143073,12300.574206031022,268.0,99.0,False,7
43.925,2521.4187113381763,762.0,12360.0,269.8,99.0,False,7
44.021,2528.6691666666648,826.2544757725359,12396.336265438153,271.0,99.0,False,7
44.145,2538.0811859757614,909.0,12439.0,272.55,99.0,False,7
44.261,2546.9358333333316,985.1428941822254,12474.209248313246,274.0,99.0,False,7
44.365,2554.9170334115283,1055.0,12504.0,275.30543898097034,99.0,False,7
44.5,2565.325555555554,1151.1768322066455,12542.760904635037,277.0,99.0,False,7
44.585,2571.89864284145,1213.0,12566.0,277.7083328,99.0,False,7
44.74,2583.925555555554,1325.935695989945,12604.526690438412,279.0,99.0,False,7
44.805,2588.9858615357834,1375.0,12620.0,279.5416661333333,99.0,False,7
44.98,2602.6588888888873,1513.2892806089335,12660.543887955613,281.0,99.0,False,7
45.025,2606.1862401104013,1548.0,12670.0,281.3749994666667,99.0,False,7
45.22,2621.525555555554,1690.6898409789133,12705.025922061104,283.0,99.0,False,7
45.245,2623.4985139848573,1709.0,12709.0,283.2083328,99.0,False,7
45.46,2640.525555555554,1875.6779652606428,12740.276986207227,285.0,99.0,False,7
45.465,2640.9227807761426,1880.0,12741.0,285.0416661333333,99.0,False,7
45.685,2658.4588200806693,2083.0,12772.0,286.8749994666667,99.0,False,7
45.7,2659.6588888888878,2095.8326011268273,12773.772476073307,287.0,99.0,False,7
45.905,2676.1113622476905,2257.0,12794.0,288.7083328,99.0,False,7
45.94,2678.925555555554,2285.571422250744,12797.46862644746,289.0,99.0,False,7
46.125,2693.8184435431663,2441.0,12816.0,289.7708330666667,99.0,False,7
46.18,2698.2588888888877,2484.4257926902696,12820.877555740852,290.0,99.0,False,7
46.345,2711.6264243392684,2610.0,12834.0,291.3749994666667,99.0,False,7
46.42,2717.7255555555544,2669.574604202511,12839.784909106449,292.0,99.0,False,7
46.565,2729.5573620467017,2788.0,12851.0,293.2083328,99.0,False,7
46.66,2737.325555555554,2865.3935748716685,12858.611746318144,294.0,99.0,False,7
46.785,2747.555632451342,2967.0,12869.0,294.5208330666667,99.0,False,7
46.9,2756.992222222221,3060.491436204686,12878.977026167218,295.0,99.0,False,7
47.005,2765.6415331979847,3146.0,12888.0,295.74999954285715,99.0,False,7
47.18,2780.0922222222207,3289.0872709165824,12902.213407436195,297.0,99.0,False,7
47.225,2783.8050251941536,3326.0,12906.0,297.0,99.0,False,7
47.42,2799.892222222221,3486.4224293102016,12923.64588526915,297.0,99.0,False,7
47.445,2801.9578324559952,3507.0,12926.0,297.1041664,99.0,False,7
47.66,2819.758888888887,3683.886713441269,12946.533390933437,298.0,99.0,False,7
47.665,2820.1736377448215,3688.0,12947.0,298.0248753114031,99.0,False,7
47.861,2836.453055555554,3849.2540537439263,12964.807807087445,299.0,99.0,False,7
47.885,2838.4474253951685,3869.0,12967.0,299.0,99.0,False,7
48.105,2856.7231080769525,4050.0,12988.0,299.0,99.0,False,7
48.141,2859.7086111111093,4079.615252257012,12991.752144700027,299.0,99.0,False,7
48.325,2874.941489426438,4231.0,13012.0,298.23333333333335,99.0,False,7
48.381,2879.575277777776,4277.101616212476,13018.141296239804,298.0,99.0,False,7
48.545,2893.149371400291,4412.0,13036.0,298.0,99.0,False,7
48.621,2899.441944444443,4474.2772448352625,13044.343106962011,298.0,99.0,False,7
48.765,2911.3681492019664,4592.0,13060.0,298.0,99.0,False,7
48.861,2919.3086111111093,4670.474443150292,13069.99827051182,298.0,99.0,False,7
48.985,2929.5416089650234,4772.0,13082.0,297.48333333333335,99.0,False,7
49.101,2939.1086111111094,4867.341599009739,13091.829674635157,297.0,99.0,False,7
49.205,2947.695124622095,4953.0,13100.0,297.0,99.0,False,7
49.341,2958.9086111111096,5065.033508100616,13110.330307603857,297.0,99.0,False,7
49.425,2965.8061936480535,5133.0,13115.0,296.3,99.0,False,7
49.581,2978.5752777777766,5255.242056602118,13117.844940031064,295.0,99.0,False,7
49.645,2983.8084161762076,5305.0,13116.0,294.73333333333335,96.86666666666666,False,7
49.821,2998.175277777776,5442.912558769099,13100.37838615127,294.0,91.0,False,7
49.865,3001.757615282144,5478.0,13094.0,293.6333333333333,91.0,False,7
50.061,3017.6419444444427,5636.0680094777945,13054.447562463307,292.0,91.0,False,7
50.084,3019.4931446174423,5654.0,13049.0,291.6166656,90.1374976,False,7
50.285,3035.5668532078344,5803.0,12995.0,288.26666666666665,82.6,False,7
50.301,3036.841944444443,5814.526029679324,12990.039045227462,288.0,82.0,False,7
50.505,3053.057454142493,5959.0,12916.0,286.3,82.85,False,7
50.541,3055.908611111109,5984.179837462126,12900.350430375795,286.0,83.0,False,7
50.725,3070.4308421668425,6108.0,12811.0,284.46666666666664,95.26666666666667,False,7
50.781,3074.8419444444426,6141.726865975808,12782.955078411876,284.0,99.0,False,7
50.945,3087.746870411231,6232.0,12698.0,283.31666666666666,99.0,False,7
51.021,3093.7086111111093,6272.630692218259,12655.564764900384,283.0,99.0,False,7
51.165,3104.9598830981763,6346.0,12570.0,281.79497940218124,99.0,False,7
51.26,3112.363888888887,6389.400331847794,12510.422998442753,281.0,99.0,False,7
51.385,3122.095114018096,6441.0,12428.0,280.4791669333333,99.0,False,7
51.5,3131.0305555555537,6483.856904492403,12347.766918193054,280.0,99.0,False,7
51.605,3139.1695802094655,6520.0,12271.0,279.6250002285714,99.0,False,7
51.78,3152.730555555554,6575.258543119271,12137.424374559765,279.0,99.0,False,7
51.825,3156.2274801695667,6588.0,12104.0,279.1874997333333,99.0,False,7
52.02,3171.397222222221,6636.191414989179,11966.011338456618,280.0,99.0,False,7
52.045,3173.3369325099875,6642.0,11948.0,279.8958336,99.0,False,7
52.26,3189.9972222222204,6689.962066403421,11786.779753460907,279.0,99.0,False,7
52.265,3190.385923034665,6691.0,11783.0,279.0416661333333,99.0,False,7
52.485,3207.557507453168,6733.0,11617.0,280.8749994666667,99.0,False,7
52.5,3208.730555555554,6735.689641208778,11605.615934501635,281.0,99.0,False,7
52.705,3224.7817880786856,6771.0,11449.0,281.8541664,99.0,False,7
52.74,3227.530555555554,6776.864377618983,11422.187177984011,282.0,99.0,False,7
52.925,3242.111982660602,6807.0,11280.0,283.5416661333333,99.0,False,7
52.98,3246.463888888887,6815.530896148262,11237.389609071635,284.0,99.0,False,7
53.145,3259.5639650365993,6840.0,11109.0,285.3749994666667,99.0,False,7
53.22,3265.5305555555537,6850.692069624893,11050.790860819307,286.0,99.0,False,7
53.365,3277.0768196442177,6870.0,10938.0,286.6041664,99.0,False,7
53.46,3284.6638888888874,6880.980598351385,10863.240915335848,287.0,99.0,False,7
53.585,3294.686461267781,6894.0,10764.0,288.0416661333333,99.0,False,7
53.7,3303.9305555555543,6905.344106125802,10672.092481346985,289.0,99.0,False,7
53.805,3312.3776102903903,6915.0,10588.0,289.4374997333333,99.0,False,7
53.94,3323.2638888888873,6926.221496814405,10480.044068533825,290.0,99.0,False,7
54.025,3330.1446212808187,6933.0,10412.0,290.7083328,99.0,False,7
54.18,3342.730555555554,6945.267857139948,10287.507541396286,292.0,99.0,False,7
54.245,3348.015280150661,6950.0,10235.0,292.26970934963236,99.0,False,7
54.421,3362.345277777776,6960.840920488694,10091.827259204432,293.0,99.0,False,7
54.465,3365.9332531660875,6963.0,10056.0,293.15714285714284,99.0,False,7
54.685,3383.903477801554,6971.0,9877.0,293.9428571428571,99.0,False,7
54.701,3385.211944444443,6971.545723850467,9863.94178119468,294.0,99.0,False,7
54.905,3401.9198236299026,6978.0,9697.0,294.85,99.0,False,7
54.941,3404.87861111111,6978.729104755249,9667.558716712643,295.0,99.0,False,7
55.125,3420.0558926779718,6981.0,9517.0,296.53333333333336,99.0,False,7
55.181,3424.6786111111096,6981.814152627267,9470.93772650779,297.0,99.0,False,7
55.345,3438.205620321406,6985.0,9336.0,297.0,99.0,False,7
55.421,3444.47861111111,6986.989805773527,9274.093700422813,297.0,99.0,False,7
55.565,3456.3832531663766,6992.0,9154.0,297.6,99.0,False,7
55.661,3464.3452777777766,6996.603415736671,9067.422005710967,298.0,99.0,False,7
55.785,3474.6701362921,7004.0,8955.0,299.03333333333336,99.0,False,7
55.901,3484.3452777777766,7012.314681343991,8858.608273741784,300.0,99.0,False,7
56.005,3493.0137340683173,7022.0,8775.0,300.0,99.0,False,7
56.141,3504.345277777776,7039.21919337218,8663.925052504595,300.0,99.0,False,7
56.225,3511.3447692755135,7052.0,8595.0,300.0,99.0,False,7
56.381,3524.345277777776,7079.441708052968,8467.29370181451,300.0,99.0,False,7
56.445,3529.6794514945354,7092.0,8415.0,300.0,99.0,False,7
56.621,3544.345277777776,7130.10229040142,8271.664871507233,300.0,99.0,False,7
56.664,3547.925795495288,7140.0,8237.0,300.0,99.0,False,7
56.861,3564.3452777777757,7187.970791972874,8080.172354865206,300.0,99.0,False,7
56.865,3564.6798571741265,7189.0,8077.0,300.03333333333336,99.0,False,7
57.085,3583.137795249553,7249.0,7903.0,301.8666666666667,99.0,False,7
57.101,3584.4786111111093,7253.576595243311,7890.442112885729,302.0,99.0,False,7
57.305,3601.5300539365994,7315.0,7730.0,301.27142857142854,99.0,False,7
57.381,3607.8897222222204,7340.140311054653,7668.252839352446,301.0,99.0,False,7
57.525,3619.974157240207,7388.0,7552.0,301.6,99.0,False,7
57.621,3628.023055555554,7416.22439219509,7479.945445808586,302.0,99.0,False,7
57.745,3638.3824042851256,7449.0,7389.0,300.96666666666664,99.0,False,7
57.861,3648.0230555555536,7477.089455160057,7300.203111022822,300.0,99.0,False,7
57.965,3656.6154171027038,7499.0,7219.0,298.25941469203957,85.51046386330675,False,7
58.1,3667.674166666665,7521.288761263862,7113.310365757212,296.0,68.0,False,7
58.185,3674.565650265953,7531.0,7047.0,293.8750016,67.6458336,False,7
58.34,3687.0074999999983,7538.9242176649295,6926.570359981804,290.0,67.0,False,7
58.405,3692.1870688273207,7538.0,6874.0,288.9166677333333,75.66665813333333,False,7
58.58,3706.0741666666645,7523.238035841494,6724.834040880948,286.0,99.0,False,7
58.625,3709.6520717918265,7518.0,6688.0,286.0,99.0,False,7
58.82,3725.140833333331,7491.876858472389,6540.796037280915,286.0,99.0,False,7
58.845,3727.111545935275,7488.0,6522.0,285.5833344,99.0,False,7
59.06,3743.9408333333313,7449.942074022452,6356.799969080763,282.0,99.0,False,7
59.065,3744.3317360071114,7449.0,6353.0,282.0,99.0,False,7
59.285,3761.561127409979,7407.0,6189.0,282.0,99.0,False,7
59.3,3762.740833333331,7404.260327744454,6177.858612863648,282.0,99.0,False,7
59.505,3778.8851644740876,7370.0,6025.0,282.8541664,69.104176,False,7
59.54,3781.607499999998,7364.994281708751,5998.7781400617405,283.0,64.0,False,7
59.725,3795.741240207755,7343.0,5860.0,276.0625024,14.666683733333329,False,7
59.78,3799.8741666666647,7337.890243747316,5818.963948418798,274.0,0.0,False,7
59.945,3812.1086242026117,7327.0,5697.0,268.50000213333334,0.0,False,7
60.02,3817.6074999999983,7324.707999773381,5642.44799784402,266.0,0.0,False,7
60.165,3828.147402796816,7326.0,5539.0,262.3750016,0.0,False,7
60.26,3834.9408333333313,7331.938377212458,5473.0808337512235,260.0,0.0,False,6
60.385,3843.7033358417398,7346.0,5388.0,255.3125024,26.5624864,False,6
60.5,3851.674166666665,7365.249821852837,5310.611676539184,251.0,51.0,False,6
60.605,3858.9426691151175,7388.0,5241.0,250.12500053333332,54.9374976,False,6
60.74,3868.274166666665,7424.346895628178,5153.358177668526,249.0,60.0,False,6
60.825,3874.141038692539,7451.0,5099.0,248.29460615292444,40.601669205422525,False,6
60.981,3884.8094444444428,7506.731618947369,5000.601500883906,247.0,5.0,True,6
61.045,3889.103298126616,7531.0,4961.0,244.6,3.6666666666666665,True,6
61.221,3900.676111111109,7598.234748293659,4855.952723263905,238.0,0.0,True,6
61.265,3903.5240416825027,7613.0,4832.0,236.35,0.0,True,6
61.461,3915.942777777776,7665.898992750092,4736.153031426428,229.0,0.0,True,6
61.485,3917.422453723431,7672.0,4724.0,227.8,0.0,True,6
61.701,3930.4094444444427,7726.108531249021,4605.245507939985,217.0,0.0,False,5
61.705,3930.647506438833,7727.0,4603.0,216.91666666666666,0.0,False,5
61.925,3943.6181928065826,7767.0,4480.0,212.33333333333334,0.0,False,5
61.941,3944.5427777777763,7769.180463088319,4471.102044238316,212.0,0.0,False,5
62.145,3956.108066116003,7788.0,4358.0,205.2,46.75,False,5
62.181,3958.1427777777762,7789.542409667998,4338.003434161441,204.0,55.0,False,5
62.365,3968.6036601317956,7789.0,4235.0,204.65714285714284,55.0,False,5
62.461,3974.0872222222206,7783.100808945054,4180.116278585174,205.0,55.0,False,5
62.585,3981.1861229626556,7770.0,4109.0,205.51666666666668,63.78333333333333,False,5
62.701,3987.820555555554,7752.4345004156,4043.5664205282487,206.0,72.0,False,5
62.805,3993.7457838590335,7733.0,3986.0,206.0,76.76666666666667,False,5
62.941,4001.5538888888877,7703.180415577111,3912.51733871281,206.0,83.0,False,5
63.025,4006.47559237552,7682.0,3868.0,208.45,85.8,False,5
63.181,4015.7538888888876,7636.8333280026845,3786.9315638325334,213.0,91.0,False,5
63.244,4019.5159299513225,7617.0,3755.0,213.7875008,93.10000213333333,False,5
63.421,4030.1538888888876,7556.888250798293,3668.329592571449,216.0,99.0,False,5
63.445,4031.6097041685293,7548.0,3657.0,216.5,99.0,False,5
63.661,4044.887222222221,7458.80829046514,3560.6602965034676,221.0,99.0,False,5
63.665,4045.136777691522,7457.0,3559.0,221.11666666666667,99.0,False,5
63.885,4059.0626953398764,7349.0,3475.0,227.53333333333333,99.0,False,5
63.901,4060.0872222222215,7340.529445826939,3469.3901375783853,228.0,99.0,False,6
64.105,4073.2698671926714,7225.0,3402.0,232.25,99.0,False,6
64.141,4075.620555555555,7203.000422756225,3390.325780317496,233.0,99.0,False,6
64.325,4087.7534052132205,7088.0,3332.0,236.83333333333334,99.0,False,6
64.381,4091.487222222221,7055.512062165067,3315.4694027882565,238.0,99.0,False,6
64.545,4102.532129658732,6966.0,3267.0,241.41666666666666,99.0,False,6
64.621,4107.687222222221,6924.648714119731,3241.14182569967,243.0,99.0,False,6
64.765,4117.498538310589,6847.0,3186.0,244.80753089672814,99.0,False,6
64.86,4124.018888888888,6797.446533740899,3145.7487595567854,246.0,99.0,False,6
64.985,4132.670323723438,6734.0,3088.0,248.08333226666667,99.0,False,6
65.1,4140.685555555554,6676.946487531587,3029.9042688065815,250.0,99.0,False,6
65.205,4148.037902105041,6626.0,2975.0,251.3124992,99.0,False,6
65.34,4157.552222222222,6562.118067915492,2904.6183230554766,253.0,99.0,False,6
65.425,4163.58766990995,6522.0,2858.0,254.4166656,99.0,False,6
65.58,4174.685555555555,6447.804615892687,2764.997007655196,257.0,99.0,False,6
65.645,4179.37624013824,6416.0,2723.0,258.0833322666667,99.0,False,6
65.82,4192.0855555555545,6329.3810775738075,2603.040343787592,261.0,99.0,False,6
65.865,4195.361655592886,6309.0,2573.0,261.3749994666667,99.0,False,6
66.06,4209.618888888888,6233.098429585163,2450.6752506069147,263.0,99.0,False,7
66.085,4211.460312564646,6224.0,2435.0,263.4166656,99.0,False,7
66.3,4227.4188888888875,6147.735074303686,2296.2915691150965,267.0,99.0,False,7
66.305,4227.791842562561,6146.0,2293.0,267.0624992,99.0,False,7
66.525,4244.285938330842,6071.0,2146.0,269.8124992,99.0,False,7
66.54,4245.418888888888,6065.935376471412,2135.8862018518303,270.0,99.0,False,7
66.745,4261.011325155563,5997.0,1997.0,273.4166656,99.0,False,7
66.78,4263.685555555555,5985.252970933268,1973.2153838358279,274.0,99.0,False,7
66.965,4277.85869960669,5923.0,1847.0,275.5416661333333,99.0,False,7
67.02,4282.0855555555545,5904.30036803645,1809.170552843449,276.0,99.0,False,7
67.185,4294.805992891929,5848.0,1695.0,277.3749994666667,99.0,False,7
67.26,4300.618888888888,5822.669610411537,1642.9821849098876,278.0,99.0,False,7
67.405,4311.923002485548,5774.0,1542.0,279.8124992,99.0,False,7
67.5,4319.352222222221,5742.061748027805,1475.2694468002687,281.0,99.0,False,7
67.625,4329.1348850796485,5700.0,1387.0,281.6218904268706,99.0,False,7
67.701,4335.097222222221,5674.435647485223,1333.2407179853244,282.0,99.0,False,7
67.845,4346.439193867082,5626.0,1231.0,283.2,99.0,False,7
67.941,4354.030555555555,5593.691004670507,1162.3430514226388,284.0,99.0,False,7
68.065,4363.869346410053,5552.0,1074.0,285.03333333333336,99.0,False,7
68.181,4373.097222222222,5513.12189819921,992.8891506588922,286.0,99.0,False,7
68.285,4381.382281758052,5478.0,920.0,286.43333333333334,99.0,False,7
68.421,4392.230555555556,5431.22715518163,822.6280164591329,287.0,99.0,False,7
68.505,4398.936849617447,5402.0,762.0,287.35,99.0,False,7
68.661,4411.430555555556,5347.308033162637,649.353923778103,288.0,99.0,False,7
68.725,4416.586318900181,5325.0,603.0,288.8,99.0,False,7
68.901,4430.830555555555,5264.319483066886,474.99196535348324,291.0,99.0,False,7
68.945,4434.396005072925,5249.0,443.0,291.18333333333334,99.0,False,7
69.141,4450.297222222222,5179.53072578941,300.5622741589254,292.0,99.0,False,7
69.165,4452.247384005307,5171.0,283.0,292.1,99.0,False,7
69.381,4469.830555555555,5094.419854470575,123.92939414628508,293.0,99.0,False,7
69.385,4470.156684350629,5093.0,121.0,293.01666666666665,99.0,False,7
69.605,4488.1218800044735,5015.0,-39.0,293.93333333333334,99.0,False,7
69.621,4489.430555555555,5009.386924054771,-50.66521084374505,294.0,99.0,False,7
69.824,4506.060224875011,4938.0,-201.0,294.8458336,99.0,False,7
69.861,4509.097222222222,4924.485250920908,-229.4340917075932,295.0,99.0,False,7
70.025,4522.580453577141,4864.0,-356.0,295.68333333333334,99.0,False,7
70.101,4528.830555555554,4837.627526268097,-410.6902064306364,296.0,99.0,False,7
70.245,4540.665148711806,4789.0,-511.0,296.0,99.0,False,7
70.341,4548.563888888887,4755.183016361474,-580.8616073070774,296.0,99.0,False,7
70.465,4558.789838450392,4710.0,-674.0,296.51666666666665,99.0,False,7
70.581,4568.363888888888,4666.599536664254,-762.8143530737232,297.0,99.0,False,7
70.685,4576.941582092472,4628.0,-842.0,297.0,99.0,False,7
70.821,4588.163888888887,4579.4632953678965,-942.7493165229449,297.0,99.0,False,7
70.905,4595.108069130099,4549.0,-1006.0,297.35,99.0,False,7
71.061,4608.030555555555,4489.636513039568,-1128.3822819554803,298.0,99.0,False,8
71.125,4613.341924737575,4466.0,-1177.0,298.26666666666665,99.0,False,8
71.301,4627.963888888888,4405.374596304056,-1301.5857066992853,299.0,99.0,False,8
71.345,4631.61761077286,4390.0,-1333.0,299.0,99.0,False,8
71.54,4647.814166666666,4318.325153725118,-1478.241815181595,299.0,99.0,False,8
71.565,4649.894572435036,4309.0,-1497.0,299.1041664,99.0,False,8
71.78,4667.814166666666,4228.861749799165,-1657.276016551716,300.0,99.0,False,8
71.785,4668.23082465003,4227.0,-1661.0,300.0,99.0,False,8
72.005,4686.562340190186,4145.0,-1825.0,300.0,99.0,False,8
72.02,4687.814166666666,4139.375560593723,-1836.1738772823153,300.0,99.0,False,8
72.225,4704.953289638728,4062.0,-1989.0,300.8541664,99.0,False,8
72.26,4707.880833333334,4048.724851907874,-2015.2372971648679,301.0,99.0,False,8
72.445,4723.3500716505105,3979.0,-2153.0,301.0,99.0,False,8
72.5,4727.9475,3958.8598486067385,-2192.5133406458503,301.0,99.0,False,8
72.665,4741.737466213906,3899.0,-2309.0,301.0,99.0,False,8
72.74,4748.014166666667,3870.902691160024,-2363.2205867639977,301.0,99.0,False,8
72.885,4760.174365725489,3814.0,-2472.0,301.6041664,99.0,False,8
72.98,4768.147500000001,3774.0579234457637,-2547.3894199575143,302.0,99.0,False,8
73.105,4778.635277834808,3721.0,-2647.0,302.0,99.0,False,8
73.22,4788.280833333334,3675.164258513476,-2733.2039691455743,302.0,99.0,False,8
73.325,4797.084929835048,3634.0,-2810.0,302.0,99.0,False,8
73.46,4808.414166666667,3579.6779638601342,-2909.506371663482,302.0,99.0,False,8
73.545,4815.562545656167,3545.0,-2972.0,302.3541664,99.0,False,8
73.7,4828.614166666668,3481.221670011393,-3084.8523135815667,303.0,99.0,False,8
73.765,4834.085614269491,3454.0,-3132.0,303.0,99.0,False,8
73.94,4848.814166666668,3378.815135952382,-3258.694845846625,303.0,99.0,False,8
73.985,4852.602749301304,3359.0,-3291.0,302.7761196501078,99.0,False,8
74.141,4865.6758333333355,3288.6904291916044,-3401.6446899533125,302.0,99.0,False,8
74.205,4870.958273321287,3259.0,-3446.0,299.6,72.6,False,8
74.381,4885.209166666668,3174.6456570284686,-3563.8235707089098,293.0,0.0,True,8
74.425,4888.7053256787585,3153.0,-3592.0,290.6166666666667,0.0,True,8
74.621,4903.875833333334,3054.260334215692,-3710.3500179374387,280.0,0.0,True,8
74.645,4905.672260290075,3042.0,-3724.0,278.1,0.0,True,8
74.861,4921.275833333335,2930.111567804248,-3837.1230668584813,261.0,0.0,True,8
74.865,4921.557594176088,2928.0,-3839.0,260.78333333333336,0.0,True,8
75.085,4936.726413284807,2809.0,-3930.0,248.86666666666667,0.0,True,8
75.101,4937.809166666668,2800.0790024454727,-3935.9084692834876,248.0,0.0,True,6
75.305,4951.359895157062,2683.0,-4004.0,239.5,0.0,True,6
75.341,4953.675833333334,2661.728309757777,-4014.616331611757,238.0,0.0,True,6
75.525,4965.125696892866,2554.0,-4061.0,226.5,0.0,True,6
75.581,4968.5425000000005,2523.9828393370117,-4071.661374128993,223.0,0.0,False,5
75.745,4978.4590923888645,2439.0,-4095.0,218.9,18.45,False,5
75.821,4983.009166666667,2395.827727825846,-4103.500368505341,217.0,27.0,False,5
75.965,4991.552238906262,2310.0,-4115.0,214.6,34.8,False,5
76.061,4997.209166666667,2253.974298831049,-4118.259534841434,213.0,40.0,False,5
76.185,5004.48654289593,2182.0,-4117.0,211.96666666666667,49.3,False,5
76.301,5011.275833333334,2113.4274004384333,-4110.011236178838,211.0,58.0,False,5
76.404,5017.297964300829,2052.0,-4099.0,211.0,63.579170133333335,False,5
76.541,5025.342500000001,1970.2929593600618,-4077.321471566622,211.0,71.0,False,5
76.605,5029.135572860239,1933.0,-4065.0,212.06666666666666,77.4,False,5
76.781,5039.675833333335,1835.214236854947,-4025.1646792682723,215.0,95.0,False,5
76.825,5042.333192884066,1812.0,-4014.0,215.73333333333332,95.73333333333333,False,5
77.021,5054.275833333334,1713.8596210924627,-3957.9318228037882,219.0,99.0,False,5
77.045,5055.74978160982,1702.0,-3950.0,219.4,99.0,False,5
77.261,5069.142500000001,1595.9034195988463,-3867.6587988270944,223.0,99.0,False,5
77.265,5069.393124403885,1594.0,-3866.0,223.08333333333334,99.0,False,5
77.485,5083.320809668912,1494.0,-3769.0,227.66666666666666,99.0,False,5
77.501,5084.342500000002,1487.0689444021111,-3761.5578497905235,228.0,99.0,False,6
77.705,5097.468290646585,1402.0,-3661.0,231.4,99.0,False,6
77.741,5099.809166666668,1387.362095903216,-3641.632167940061,232.0,99.0,False,6
77.925,5111.897704833469,1316.0,-3538.0,235.83333333333334,99.0,False,6
77.981,5115.609166666667,1296.7754141395242,-3507.339195134701,237.0,99.0,False,6
78.145,5126.553906932734,1245.0,-3418.0,239.73333333333332,99.0,False,6
78.221,5131.675833333335,1220.6696206399986,-3373.8868942344034,241.0,99.0,False,6
78.365,5141.479752839445,1174.0,-3287.0,244.01255149454687,99.0,False,6
78.46,5148.007500000001,1143.4463298827782,-3229.5556598622375,246.0,99.0,False,6
78.585,5156.659174344953,1103.0,-3154.0,248.08333226666667,99.0,False,6
78.7,5164.674166666668,1064.8205553884118,-3084.5447406511394,250.0,99.0,False,6
78.805,5172.0329272376475,1029.0,-3021.0,251.3124992,99.0,False,6
78.94,5181.5408333333335,981.3845662062807,-2938.945116663877,253.0,99.0,False,6
79.025,5187.5467282111,950.0,-2888.0,253.7083328,99.0,False,6
79.18,5198.540833333334,889.3558128634863,-2797.655669626311,255.0,99.0,False,6
79.245,5203.169583803389,863.0,-2760.0,255.54166613333334,99.0,False,6
79.42,5215.674166666668,790.0934802849623,-2658.116459850518,257.0,99.0,False,6
79.465,5218.895013530781,771.0,-2632.0,257.1874997333333,99.0,False,6
79.66,5232.874166666667,686.928302924807,-2519.4648372498273,258.0,99.0,False,6
79.685,5234.668881910649,676.0,-2505.0,258.1041664,99.0,False,6
79.9,5250.140833333335,582.1042961770574,-2380.8248391055904,259.0,99.0,False,6
79.905,5250.501999650367,580.0,-2378.0,259.0416661333333,99.0,False,6
80.125,5266.451327676917,486.0,-2250.0,260.8749994666667,99.0,False,6
80.14,5267.540833333334,478.47892576884243,-2239.823916753225,261.0,99.0,False,7
80.345,5282.4522733337835,366.0,-2089.0,261.8541664,99.0,False,7
80.38,5285.007500000001,348.9280925283621,-2066.2326181967783,262.0,99.0,False,7
80.565,5298.567742011863,269.0,-1961.0,263.5416661333333,99.0,False,7
80.62,5302.607500000001,244.55790620547344,-1929.7582739272957,264.0,99.0,False,7
80.785,5314.743645118691,168.0,-1835.0,264.82089546535974,99.0,False,7
80.821,5317.403333333334,151.02067486041716,-1814.7334298471985,265.0,99.0,False,7
81.005,5331.046399869546,63.0,-1713.0,265.76666666666665,99.0,False,7
81.061,5335.136666666667,35.78653354764386,-1682.027075631946,266.0,99.0,False,7
81.225,5346.842758737612,-44.0,-1592.0,259.1666666666667,31.349999999999994,False,7
81.301,5352.203333333334,-80.07813414986042,-1551.5746775220637,256.0,0.0,True,7
81.445,5362.3110945400795,-146.0,-1478.0,250.0,0.0,True,7
81.541,5368.6033333333335,-187.42422036145885,-1431.776031226741,246.0,0.0,True,7
81.665,5375.844426808506,-238.0,-1375.0,223.26666666666665,0.0,True,7
81.781,5382.070000000001,-282.45953912701214,-1324.2974655425749,202.0,0.0,True,7
81.885,5387.475664250622,-320.0,-1281.0,193.76666666666665,0.0,True,7
82.021,5394.27,-365.8544117977324,-1227.7187588658276,183.0,0.0,True,7
82.105,5398.294288778383,-393.0,-1197.0,177.05,0.0,True,7
82.261,5405.336666666667,-441.87657121368767,-1144.7745134132765,166.0,0.0,True,6
82.325,5408.017406352633,-461.0,-1125.0,160.13333333333333,0.0,True,6
82.501,5414.936666666667,-510.6485852966759,-1075.3108981154592,144.0,0.0,True,4
82.545,5416.633300018578,-523.0,-1064.0,142.53333333333333,0.0,True,4
82.741,5424.003333333334,-579.0981702945218,-1018.9694940729597,136.0,0.0,True,3
82.765,5424.869422705196,-586.0,-1014.0,134.9,0.0,True,3
82.981,5432.336666666667,-648.1328813171443,-974.4788023828676,125.0,0.0,True,3
82.984,5432.437802657079,-649.0,-974.0,124.9249984,0.0,True,3
83.185,5439.0967436892115,-708.0,-946.0,119.9,0.0,True,3
83.221,5440.27,-718.9967986673852,-941.641033057407,119.0,0.0,True,3
83.405,5446.180052828334,-776.0,-923.0,115.93333333333334,0.0,True,3
83.461,5447.9366666666665,-792.5305788108792,-919.101199107491,115.0,0.0,True,3
83.625,5452.947756333477,-840.0,-912.0,110.9,0.0,True,3
83.701,5455.203333333333,-863.1953395448584,-910.2024719157885,109.0,0.0,False,3
83.845,5459.362187955579,-908.0,-909.0,105.91428571428571,8.22857142857143,False,3
83.981,5463.214444444444,-948.3779536415983,-910.0794989834476,103.0,16.0,False,3
84.065,5465.585846443128,-972.0,-912.0,102.65,20.55,False,3
84.221,5470.014444444444,-1013.0583953161757,-918.5417843837894,102.0,29.0,False,3
84.285,5471.863495085239,-1030.0,-923.0,102.8,32.733333333333334,False,3
84.461,5477.014444444444,-1078.3263166684308,-941.4202117226057,105.0,43.0,False,3
84.505,5478.303714869522,-1090.0,-947.0,105.0,43.0,False,3
84.701,5484.014444444444,-1138.9420461513612,-975.8567921018941,105.0,43.0,False,3
84.725,5484.703806047065,-1145.0,-980.0,105.0,43.0,False,3
84.941,5491.014444444444,-1201.9155636242162,-1023.1399726510858,105.0,43.0,False,3
84.945,5491.140166067273,-1203.0,-1024.0,105.26778235507084,42.58159007020182,False,3
85.165,5498.535751856034,-1264.0,-1072.0,119.9958118839667,19.569043931302044,False,3
85.18,5499.0475,-1268.2448975167058,-1075.0656820176516,121.0,18.0,False,3
85.385,5505.9566852439575,-1327.0,-1112.0,121.0,2.625004800000001,False,3
85.42,5507.114166666666,-1337.0586409388372,-1117.063611637323,121.0,0.0,False,3
85.605,5513.111663217126,-1391.0,-1138.0,117.69642971428571,1.9821421714285714,False,3
85.7,5516.136388888888,-1420.2794116349141,-1145.863945577941,116.0,3.0,False,3
85.825,5520.075615492262,-1459.0,-1153.0,114.4375008,7.166664533333334,False,3
85.94,5523.669722222221,-1492.7548969868321,-1155.8368007360605,113.0,11.0,False,3
86.045,5526.934581592797,-1524.0,-1155.0,112.56250026666666,21.4999936,False,3
86.18,5531.136388888888,-1567.2833788910048,-1148.7929943341696,112.0,35.0,False,3
86.265,5533.80396689194,-1595.0,-1143.0,112.7083328,39.9583296,False,3
86.42,5538.736388888888,-1644.5820170245836,-1130.2105945112305,114.0,49.0,False,3
86.485,5540.844548027119,-1665.0,-1124.0,115.35416533333333,51.4374976,False,3
86.66,5546.669722222221,-1719.053966157791,-1104.7052245466612,119.0,58.0,False,3
86.705,5548.214834203058,-1733.0,-1099.0,120.49999786666666,59.312498133333335,False,3
86.9,5555.136388888888,-1794.1493077513126,-1070.2376937690549,127.0,65.0,False,3
86.925,5556.049294466849,-1802.0,-1066.0,127.7291648,65.6249984,False,3
87.14,5564.069722222222,-1868.514827453801,-1024.0885977451762,134.0,71.0,False,3
87.145,5564.2571064737385,-1870.0,-1023.0,134.07462593420925,71.12437655701542,False,3
87.341,5571.718888888888,-1925.4989295905616,-975.6610884270019,137.0,76.0,False,3
87.365,5572.68171299813,-1932.0,-969.0,138.5,77.2,False,3
87.581,5581.852222222222,-1988.932928698272,-900.3745690927642,152.0,88.0,False,3
87.585,5582.027123957685,-1990.0,-899.0,152.15,88.03333333333333,False,3
87.805,5591.855451854686,-2050.0,-820.0,160.4,89.86666666666666,False,3
87.821,5592.5855555555545,-2054.3877082803187,-814.1951611839021,161.0,90.0,False,3
88.025,5602.107392256998,-2110.0,-739.0,167.8,95.1,False,3
88.061,5603.852222222222,-2119.667244030229,-724.89551352071,169.0,96.0,False,4
88.245,5613.105884564112,-2167.0,-648.0,178.96666666666667,98.3,False,4
88.301,5615.985555555555,-2179.906404023621,-623.025894182692,182.0,99.0,False,4
88.465,5624.524606062884,-2214.0,-546.0,186.78333333333333,99.0,False,4
88.541,5628.5855555555545,-2228.628448088988,-508.62123062579457,189.0,99.0,False,5
88.685,5636.513288714597,-2254.0,-435.0,195.6,99.0,False,5
88.781,5641.918888888888,-2268.6915354159187,-383.956353500037,200.0,99.0,False,5
88.905,5649.000748057776,-2285.0,-316.0,203.61666666666667,99.0,False,5
89.021,5655.718888888888,-2297.5303666251857,-250.7340490228475,207.0,99.0,False,5
89.125,5661.812072595989,-2306.0,-191.0,209.6,99.0,False,5
89.261,5669.9188888888875,-2312.4656290756716,-111.23438142005975,213.0,99.0,False,5
89.345,5675.032109393439,-2314.0,-59.0,215.8,99.0,False,5
89.501,5684.652222222221,-2312.169505693524,45.565259108462854,221.0,99.0,False,5
89.565,5688.593867375161,-2310.0,86.0,221.53333333333333,99.0,False,5
89.741,5699.518888888888,-2300.0054801876413,184.20677045542502,223.0,99.0,False,5
89.765,5701.039441703195,-2298.0,198.0,223.9,99.0,False,5
89.981,5714.985555555554,-2271.6450488221017,333.42457039127294,232.0,99.0,False,6
89.985,5715.244801664474,-2271.0,336.0,232.03333333333333,99.0,False,6
90.205,5729.535160791781,-2226.0,477.0,233.86666666666667,99.0,False,6
90.221,5730.5855555555545,-2221.9489952848003,487.0279089865967,234.0,99.0,False,6
90.425,5744.157941635984,-2163.0,611.0,239.1,99.0,False,6
90.461,5746.5855555555545,-2152.0599488319313,632.0315543637676,240.0,99.0,False,6
90.645,5759.1332662791965,-2093.0,737.0,244.6,99.0,False,6
90.701,5762.985555555554,-2072.724229883983,769.1260249136677,246.0,99.0,False,6
90.865,5774.339673060537,-2009.0,862.0,248.73333333333332,99.0,False,6
90.941,5779.652222222221,-1979.5489156396443,902.4004467320839,250.0,99.0,False,7
91.085,5789.821093877738,-1918.0,985.0,253.0,99.0,False,7
91.181,5796.652222222221,-1865.68448176316,1056.7969396637345,255.0,99.0,False,7
91.305,5805.517095427424,-1796.0,1153.0,256.55,99.0,False,7
91.323,5806.807795469138,-1786.9289947027744,1165.4699165196328,256.7750016,99.0,False,7
